cargo_id,mode_of_transport,trade_lane,stage,requested_at,actual_collection_at,shipment_status
/ScBcqoSL70iQk7vMpw4fA==,Road,NL → UNKNOWN,a) booking requested,2025-11-06 13:15:31,,not_yet_collected
1n/TKEXfk56gGP8eJSIc3g==,Road,ES → NL,a) booking requested,2025-11-21 17:44:45,,not_yet_collected
5B9+T3bj6M7hI+ynku4BEQ==,Road,CH → US,a) booking requested,2025-11-08 14:19:10,2025-11-19 00:00:00,in_transit
5oYO7ewPc7n2Sxmbywut9A==,Road,US → GB,a) booking requested,2025-11-15 23:34:02,2025-11-20 00:00:00,in_transit
8MTruQeL0WVPxlAc39OBZA==,Air,TW → GB,e) collected,2025-11-20 03:26:28,,not_yet_collected
9cVFIxkWdg/OhWODjJZVWA==,Air,CN → AU,a) booking requested,2025-11-19 06:02:38,,not_yet_collected
A1VFC5c/wCjNoCmAAdXuwA==,Road,CN → UNKNOWN,e) collected,2025-11-14 13:17:53,,not_yet_collected
CNpsG2bMaAuafZ2v5X4QxA==,Air,TR → GB,a) booking requested,2025-11-19 14:03:10,,not_yet_collected
Cic+f9C7coTCmW72bMqvAw==,Road,CN → GB,a) booking requested,2025-11-22 10:06:38,2025-11-12 00:00:00,in_transit
Ia38E5xbX/AYgmyD9IDilQ==,Road,US → US,e) collected,2025-11-21 16:37:03,2025-11-13 00:00:00,not_yet_collected
JDoiOTX7pPi325pszZY8SQ==,Road,TR → GB,e) collected,2025-11-05 12:37:42,2025-11-21 00:00:00,in_transit
JNW29eaPu/+i+FMF57Ls7g==,Air,NL → US,e) collected,2025-11-13 15:03:12,2025-11-22 00:00:00,in_transit
JqirCuHTysobi09Hi2J47w==,Ocean,FR → GB,a) booking requested,2025-11-18 09:46:09,,not_yet_collected
LXhSqJWMbSgNKP1ryrHgew==,Road,DE → ES,a) booking requested,2025-11-15 07:11:47,,not_yet_collected
LeosskTjOybAjOAGv8Fy8Q==,Road,GB → GB,e) collected,2025-11-11 13:55:35,,in_transit
NqfVFjNGHqxuSVL74FKt3w==,Road,HK → GB,a) booking requested,2025-11-13 22:34:12,2025-11-11 00:00:00,in_transit
OdWQJZFzihjOZm89VNNqhw==,Ocean,CN → GB,a) booking requested,2025-11-05 07:12:59,2025-11-18 00:00:00,in_transit
P199h51MCJ6bC6ortpRTkw==,Ocean,CN → US,e) collected,2025-11-22 06:29:46,,in_transit
QrbYDCz2rAAKq0owI4fhFA==,Road,LK → GB,a) booking requested,2025-11-20 09:57:12,,in_transit
RU4jeDJP8gv56vCJKb5HhA==,Ocean,US → GB,a) booking requested,2025-11-18 06:14:33,,not_yet_collected
VwxiAa5bzb8P2sBWjEjo9w==,Road,HK → GB,e) collected,2025-11-14 10:33:16,,in_transit
Wei/OUHob5OTsj50LMWWKg==,Road,US → NL,a) booking requested,2025-11-18 17:03:00,,in_transit
YBHZ7TlqJMiRib1YLEtVrw==,Road,GB → US,e) collected,2025-11-18 11:46:03,2025-11-20 00:00:00,not_yet_collected
YYqA7ZnhAjnPgeXzjkFflQ==,Road,DE → CA,e) collected,2025-11-22 06:08:47,2025-11-13 00:00:00,in_transit
ZWzoSe/2uN7v81U2Suln6Q==,Road,DE → DE,e) collected,2025-11-20 07:24:38,2025-11-20 00:00:00,in_transit
ae1Mgj/WHRZ6PXKiRDg6Sg==,Road,CN → GB,a) booking requested,2025-11-08 13:41:08,,not_yet_collected
au5ICh3MN6iKh4I9q2mnjA==,Road,DE → FR,e) collected,2025-11-18 07:17:11,2025-11-18 00:00:00,not_yet_collected
bJ26EQAT0iBhLClVFYOFNA==,Air,US → GB,a) booking requested,2025-11-15 18:52:13,,in_transit
cAa7VL41e0CdRWbEZnbhxw==,Road,CN → GB,a) booking requested,2025-11-19 15:42:51,,not_yet_collected
cuTu1aVdw3r8tQkgCM/CrQ==,Road,US → US,a) booking requested,2025-11-14 18:05:26,,not_yet_collected
lsqLzF+w7cw/CV/oc9W9/g==,Ocean,IT → IT,a) booking requested,2025-11-19 11:44:47,2025-11-20 00:00:00,in_transit
m+6wKS2sYFTiRr8fmVM4aw==,Air,TR → GB,e) collected,2025-11-07 11:35:36,,not_yet_collected
ms45Bd4K/S310XtuirCZQA==,Ocean,FR → GB,a) booking requested,2025-11-12 15:41:40,2025-11-21 00:00:00,not_yet_collected
qVCtzAe/wwP1f5jF5vBKTg==,Air,NO → GB,a) booking requested,2025-11-11 10:52:40,,in_transit
rrsorotppOatmjPHEujBGA==,Rail,GB → US,a) booking requested,2025-11-19 16:27:37,,not_yet_collected
uJ33trwm4toDUJCPJ/bDJw==,Ocean,IN → GB,e) collected,2025-11-22 12:27:52,,in_transit
ulHARMccEaGfpVBiRIxSsg==,Ocean,TR → GB,e) collected,2025-11-20 09:48:06,2025-11-20 00:00:00,in_transit
wEfMNR9Y2wIJStu42xlOIA==,Ocean,DE → AT,a) booking requested,2025-11-19 14:09:54,2025-11-20 00:00:00,not_yet_collected
yelAsMWcASDU5n03WKTymg==,Road,US → GB,e) collected,2025-11-14 19:38:05,2025-11-18 00:00:00,in_transit
2u7FL48GmyaiSllp1JHOcw==,Road,IN → GB,e) collected,2025-11-11 10:51:12,2025-11-18 00:00:00,in_transit
3OXfhAAqxGFto7RzQPuVEQ==,Ocean,CN → UNKNOWN,a) booking requested,2025-11-13 09:39:45,,in_transit
3PXdFPwE5dP/WFzHAsOO0w==,Air,NL → UNKNOWN,a) booking requested,2025-11-06 14:05:57,,not_yet_collected
9gvhTrQgwizWsOXHRZE9PQ==,Road,TW → GB,a) booking requested,2025-11-22 08:21:24,2025-11-20 00:00:00,not_yet_collected
Ap0KfEx0c2kJUUaPpYjDbw==,Air,HK → GB,e) collected,2025-11-11 10:51:12,2025-11-19 00:00:00,not_yet_collected
C0QsjTBL2s9dksIRsEuDmQ==,Ocean,CN → US,e) collected,2025-11-22 06:21:29,2025-11-21 00:00:00,in_transit
EoK6agGv5lCIpDwVo6xV6A==,Air,FR → GB,e) collected,2025-11-07 16:51:13,,in_transit
FIOyjeLBT0r3XKnBBqxsLQ==,Road,PL → NL,a) booking requested,2025-11-19 16:01:37,,not_yet_collected
FMF2pCjU1GdZ693ksAiLlA==,Ocean,TR → GB,e) collected,2025-11-08 10:09:27,,not_yet_collected
Fwbqyzn20iOzgaRwWATveA==,Road,CN → AU,e) collected,2025-11-21 20:50:45,2025-11-20 00:00:00,not_yet_collected
GK4sv5IbpJxDE7WLjAl0lA==,Ocean,CN → GB,a) booking requested,2025-11-18 12:28:35,,not_yet_collected
GMEQ9wxMomAgs6jo/Oc9kQ==,Road,TR → GB,a) booking requested,2025-11-05 12:59:44,,in_transit
Gqh+wm8b4QeSQAqnlJdCvg==,Air,DE → ES,a) booking requested,2025-11-13 20:30:19,,in_transit
IwAK4fVydYXD3r3QAi6BEQ==,Ocean,TR → GB,a) booking requested,2025-11-19 14:05:00,,in_transit
Lz67n5z/IhZYQHmw5ceZWg==,Road,US → NL,e) collected,2025-11-20 18:04:36,2025-11-19 14:38:17,in_transit
MSm/AenGuPNU4MpRhSB9fA==,Road,ES → GB,a) booking requested,2025-11-22 06:37:12,2025-11-18 00:00:00,not_yet_collected
N1XH7JzXCJBNV6MBEm1I3A==,Air,GB → GB,e) collected,2025-10-30 14:46:21,,not_yet_collected
NPBhTP531I+TUXkssGRrrg==,Ocean,TR → GB,a) booking requested,2025-11-11 13:47:45,,not_yet_collected
PpFWvZZFt4SXTTVC+vysyw==,Air,FR → GB,a) booking requested,2025-11-12 08:26:40,,in_transit
R+VO3BmhhtKn+2dk36RU5Q==,Air,US → GB,e) collected,2025-11-19 13:54:53,,in_transit
S/F/Vb3WHf0gfuLNPz0czg==,Ocean,US → US,e) collected,2025-11-06 13:12:27,2025-11-01 00:00:00,not_yet_collected
SVfATZIif9VXJnht+TE8zg==,Ocean,CA → SE,e) collected,2025-11-01 05:40:01,,not_yet_collected
TAbzf/sb+X/texNVB2GVnA==,Road,BE → GB,a) booking requested,2025-11-18 09:01:42,2025-11-20 00:00:00,not_yet_collected
TciCxcCf036jtRfWBR4sFg==,Air,CN → GB,a) booking requested,2025-11-12 13:56:34,,not_yet_collected
WHnXHhqWjYLs6zMOteSgXw==,Air,US → GB,e) collected,2025-11-21 03:52:38,,not_yet_collected
XIeGE+Rl89tOXaNIuQd3/Q==,Road,DE → SE,e) collected,2025-11-09 02:03:20,,in_transit
ZS37HYrCQ86q4fuVk7YWfg==,Road,CN → GB,a) booking requested,2025-11-15 16:55:50,,in_transit
bflPSYvpcNAYodtuj/CkXA==,Road,HK → GB,e) collected,2025-11-19 10:21:35,2025-11-22 00:00:00,in_transit
dEpmwSA+Oxc10zeFNEmdHA==,Ocean,US → GB,e) collected,2025-11-19 08:12:50,,not_yet_collected
deYslas9ZXMHybCMIBEuRg==,Air,TR → GB,a) booking requested,2025-11-22 06:40:58,,in_transit
eRyzBZCm6xb9K7NLe1sbCw==,Road,TR → GB,a) booking requested,2025-11-21 09:42:46,2025-11-19 00:00:00,not_yet_collected
fWEtQQIkv3MZXIoGqxmKig==,Ocean,NL → UNKNOWN,e) collected,2025-11-18 12:26:29,,not_yet_collected
g114GScTNW+UxPp2kceC3Q==,Air,TR → GB,e) collected,2025-11-15 10:41:15,,not_yet_collected
ieCsFppBgOvbk7aqlcEKiQ==,Ocean,CN → GB,a) booking requested,2025-11-21 09:27:42,,in_transit
mMfrQjbN++0RIBUkdFZvag==,Road,ES → GB,e) collected,2025-11-19 14:20:58,2025-11-22 00:00:00,not_yet_collected
mh5gwyhTx/b9pdJCxfaHjQ==,Road,UNKNOWN → US,e) collected,2025-11-12 11:15:34,2025-11-22 00:00:00,in_transit
oWFuBgOrwowJFYToW/7IJg==,Road,CN → GB,e) collected,2025-11-08 14:39:36,,not_yet_collected
pmlztrmdoVyjIRSGpF/N1w==,Air,GB → UNKNOWN,a) booking requested,2025-11-14 17:05:13,,not_yet_collected
q1tsnDsQiIiChqJlxC9rsQ==,Road,AU → GB,e) collected,2025-11-22 11:16:39,2025-11-21 00:00:00,not_yet_collected
r/H93FnwNaK6toU4jRfBCA==,Road,ES → GB,e) collected,2025-11-06 13:53:33,,in_transit
rEHJUSUjCwRZyZZo5QzXeA==,Road,PL → GB,e) collected,2025-11-18 07:17:11,2025-11-18 00:00:00,not_yet_collected
sCPcuesKhq4UUdMi3Tc8pg==,Road,CN → NL,a) booking requested,2025-11-04 15:05:11,2025-11-15 00:00:00,in_transit
uKHEIXdWdk4sNpsCizB16w==,Air,NL → UNKNOWN,a) booking requested,,,in_transit
xxAvUM5fb8yWxKX54eOUDA==,Air,CN → US,a) booking requested,2025-11-14 08:49:45,2025-11-22 00:00:00,not_yet_collected
zCRfOQzQ16cFvK1NeUIblQ==,Ocean,CH → US,a) booking requested,2025-11-12 15:11:21,,not_yet_collected
zLHCR/89jlfrZ2ZOrfkzjQ==,Air,TR → GB,a) booking requested,2025-11-18 07:17:11,,in_transit
/fZ0wd8MMqmMwVlrLgXjuA==,Road,CN → US,a) booking requested,2025-11-18 06:14:33,,not_yet_collected
0igkjKW2A0+ql0OguTllHQ==,Air,US → GB,a) booking requested,2025-11-07 09:45:39,,in_transit
1YcicmVsQlWtKrz2HOzQEg==,Road,US → GB,a) booking requested,2025-11-01 16:53:41,,not_yet_collected
1bDRBtquWNvzlhwdK78YnA==,Ocean,UNKNOWN → US,a) booking requested,2025-11-18 06:14:33,,not_yet_collected
1kx6MQMkk+WHII7ken/TyA==,Ocean,GB → GB,a) booking requested,2025-11-18 11:47:37,2025-11-19 00:00:00,not_yet_collected
2OinZzf+UnUlcs9wBiVtWQ==,Ocean,GB → UNKNOWN,a) booking requested,2025-11-08 10:45:11,,not_yet_collected
3VBvj2EEvbSf7LlDIXmNgg==,Ocean,DE → NL,e) collected,2025-11-19 17:07:26,2025-11-20 00:00:00,in_transit
5V+iACgxjHuzRsZsPhmCuw==,Road,TR → GB,a) booking requested,2025-11-20 13:45:04,,in_transit
7OV8CPgw6OLxmkqyfEj8tg==,Road,TR → US,a) booking requested,2025-11-15 10:18:57,2025-11-20 00:00:00,in_transit
7RIzIsipF+vs0xpNWoKZtQ==,Ocean,FR → US,e) collected,2025-11-21 17:29:15,,in_transit
7cm08OMjdBs0YVSPfNf8uA==,Ocean,KR → GB,e) collected,2025-11-21 23:34:15,2025-11-21 13:19:50,in_transit
9OnKsD3V0diPrs5fUdVN3Q==,Air,DE → SE,a) booking requested,2025-11-21 12:25:53,2025-11-22 10:28:27,not_yet_collected
B2fhrAwSknMnJjhJsT7yMw==,Air,CN → GB,e) collected,2025-11-14 09:43:51,2025-11-20 00:00:00,in_transit
C0m4SdbbxjFg9n8qpNbgVw==,Road,GB → GB,a) booking requested,2025-11-14 10:33:27,2025-11-20 00:00:00,in_transit
D/OpBGPzhtHVRUf126K4Ew==,Ocean,GB → UNKNOWN,a) booking requested,2025-11-15 10:46:12,,in_transit
G2ngAi4QIgqhxFXg4N7Ngw==,Road,VN → GB,a) booking requested,2025-11-11 14:58:48,2025-11-19 00:00:00,not_yet_collected
Gq+NNhWYGTeifA9IvYwhfQ==,Road,CN → GB,e) collected,2025-11-04 10:13:03,2025-11-21 00:00:00,not_yet_collected
HFGyzWyVxztMCsyabLSgFw==,Ocean,CN → US,e) collected,2025-11-09 14:34:50,,in_transit
Ht1b3ay+yIHd179pwPn8Cg==,Road,GB → GB,e) collected,2025-11-06 13:53:33,2025-11-20 00:00:00,in_transit
IkbneEBtq17O9vVm/loLvw==,Air,CN → AU,a) booking requested,2025-11-18 06:14:33,,in_transit
MasUIEhVQrwUkTzi6ZJF6g==,Road,CA → GB,a) booking requested,2025-11-12 15:12:21,,not_yet_collected
Ms3wcdVDjzarDFLwqpq2ew==,Road,US → US,e) collected,2025-11-21 04:39:45,,not_yet_collected
PhFm28EujXTvdWka/uoaaw==,Air,TR → GB,a) booking requested,2025-11-18 09:46:09,,not_yet_collected
RPiF011W1AO7VpMOSgjfxw==,Road,CN → US,e) collected,2025-11-21 03:17:33,,not_yet_collected
W55jbdQ6nXxOCiRqPA2Arg==,Ocean,GB → US,a) booking requested,2025-11-22 06:29:46,,not_yet_collected
WF78AIe5ji0ULvA6r6ClHA==,Ocean,PL → GB,a) booking requested,2025-11-12 11:35:51,,not_yet_collected
WeVLtdqpx7x38OvjFk6B5Q==,Road,GB → GB,e) collected,2025-11-19 08:12:50,2025-11-20 00:00:00,in_transit
ZZHKtbd3hd9Mt5432rpk6A==,Ocean,PL → FR,e) collected,2025-11-21 05:29:30,,in_transit
aXJCWKYJMqFXsMvVwEFHZA==,Ocean,GB → PL,e) collected,2025-11-08 13:21:12,,not_yet_collected
cFd0BN0YtpRatNcJOzDULQ==,Ocean,DE → NO,a) booking requested,2025-11-21 08:54:52,2025-11-22 12:12:59,not_yet_collected
cjWo6xYwf4Nkx3sycr5d5g==,Road,HK → GB,a) booking requested,2025-11-19 15:28:03,2025-11-12 00:00:00,in_transit
lATxEs4DrokOlziLy9j8Ug==,Ocean,TR → GB,e) collected,2025-11-12 00:25:03,2025-11-19 00:00:00,not_yet_collected
mbsdESGQwiGAYK3/L1Hmmw==,Ocean,TR → GB,e) collected,2025-11-19 14:24:04,,not_yet_collected
n+rEQd/GxOzehkjnxcvPtA==,Air,NL → UNKNOWN,a) booking requested,2025-11-21 10:39:47,,not_yet_collected
nAVCdUUcvbgdYP5T2CTHJA==,Road,DE → GB,e) collected,2025-11-19 14:48:57,2025-11-19 00:00:00,in_transit
nHRAhIHVv8Z8mrsyXY8UuA==,Road,FR → GB,a) booking requested,2025-11-14 10:33:16,2025-11-13 00:00:00,in_transit
o/t1cG3H9LZb19ST1iy6Dw==,Ocean,UNKNOWN → NL,a) booking requested,2025-11-18 07:17:11,2025-11-05 00:00:00,not_yet_collected
owSIn8M0vvVgWXDg1XyVZg==,Road,CN → GB,e) collected,2025-11-06 05:42:24,,in_transit
qU7oFQROvPm4vjb2UiTbjg==,Road,HK → GB,a) booking requested,2025-11-13 09:10:27,,not_yet_collected
rL1FDcmkr3xXy5l+4usMIg==,Ocean,GB → FR,e) collected,2025-11-09 14:34:50,2025-11-22 00:00:00,not_yet_collected
rcVP9mJkxrUwp9X3BlY4Wg==,Road,CN → US,a) booking requested,2025-11-06 13:53:33,2025-11-13 00:00:00,not_yet_collected
ry5DpfxcHDndoqeRqHfCGg==,Road,GB → US,a) booking requested,2025-11-06 13:50:46,,not_yet_collected
saf9umSxPqH1X0Q1NqjsKg==,Ocean,DK → NL,e) collected,2025-11-08 14:19:10,2025-11-22 00:00:00,not_yet_collected
uYkO3bWN7WmUzGis0kw6hw==,Road,NL → UNKNOWN,e) collected,2025-11-11 14:58:48,,not_yet_collected
vYnwn5D8mGn8RojGPARWsw==,Road,CN → US,a) booking requested,2025-11-21 17:10:08,,not_yet_collected
x1lSEDLcMiVEFNHYFm16CA==,Ocean,TR → GB,a) booking requested,2025-11-15 03:46:14,2025-11-22 00:00:00,not_yet_collected
xH21Xp4e+F/wCwVVABhrvw==,Road,GB → DE,a) booking requested,2025-11-06 14:12:56,,in_transit
xmw6E7UxMupCej/7fPFx1A==,Ocean,DE → FR,a) booking requested,2025-11-11 10:01:58,2025-11-18 00:00:00,in_transit
xnzsTpVacqWRdsdWl1JJzg==,Road,US → GB,a) booking requested,2025-11-06 08:11:58,,in_transit
1COwXoL7dKG2Vp/CJP5YXA==,Ocean,IT → US,a) booking requested,2025-11-19 10:11:30,,not_yet_collected
5VMsllWg0j7UnZeKl5eBwQ==,Road,CN → GB,e) collected,2025-11-10 22:52:35,2025-11-15 00:00:00,not_yet_collected
Bno2QpzpBeNb5vvp8mEsoA==,Air,NL → UNKNOWN,e) collected,2025-11-20 17:19:35,2025-11-19 00:00:00,not_yet_collected
COrIIwR/vcCMzlZj2pju4A==,Road,DE → FR,e) collected,2025-11-12 09:22:53,,not_yet_collected
FFgSaD1kemehiV0Eqor7pQ==,Air,TR → GB,e) collected,2025-11-22 06:37:12,,not_yet_collected
GETVqKmKbnnvt2ptJ91gUQ==,Road,IE → US,e) collected,2025-11-15 10:18:57,,in_transit
J/l5mD5ZhcvY0xe/6E/TtQ==,Road,CN → GB,a) booking requested,2025-11-21 09:42:46,,not_yet_collected
J0BHXUEafoqXL83MjS1RuA==,Air,GB → UNKNOWN,a) booking requested,2025-11-04 11:40:28,,in_transit
KWELb/+zDXyVB2sSGbqJpg==,Road,HK → GB,a) booking requested,2025-11-21 09:29:53,,not_yet_collected
KtTyVBq10dY6Ddxfr5AXgw==,Road,CN → US,a) booking requested,2025-11-13 09:04:33,2025-11-19 17:00:00,in_transit
N5XvYu6YwxQr7ykw+TAHWQ==,Air,JP → GB,a) booking requested,2025-11-15 09:02:52,2025-11-18 00:00:00,in_transit
NPpXsQxpeiRlUAq0ykKjwA==,Air,DE → GB,e) collected,2025-11-20 14:24:25,2025-11-18 00:00:00,not_yet_collected
OYHsoqZmR3QgCKX24vwdcQ==,Air,AU → GB,a) booking requested,2025-11-21 17:10:08,2025-11-22 00:00:00,not_yet_collected
Ped/GYYMDyUspkgeW9uXpg==,Road,DE → NL,a) booking requested,2025-11-08 11:19:57,2025-11-20 21:45:26,not_yet_collected
QDHfjoijo//83FaUjwb6pg==,Road,CN → CA,a) booking requested,2025-11-13 10:26:59,,not_yet_collected
SqvzO0LJc2xsJRiqdPd4pw==,Ocean,DE → SE,a) booking requested,2025-11-21 18:04:31,,not_yet_collected
VjwOzW7VGqjxJkE9DDSS2Q==,Ocean,CN → NL,a) booking requested,2025-11-22 06:40:58,,not_yet_collected
W3l7wD3sPLA2EPAo7GMvmQ==,Air,IT → US,a) booking requested,2025-11-19 10:28:42,,not_yet_collected
X3o8yh7LufD6o7sFmHdAtg==,Ocean,DK → GB,e) collected,2025-11-11 10:51:12,,not_yet_collected
Xjao0vwzsN9/LHPOjHQvdw==,Road,ES → GB,e) collected,2025-11-22 02:45:02,2025-11-20 00:00:00,in_transit
YPKhbLJCZuL0nynhT8TrLQ==,Road,US → GB,e) collected,2025-11-22 06:37:12,,not_yet_collected
ZmpF475Zztj5Sg5QwAcaBg==,Road,CN → US,a) booking requested,2025-11-15 12:48:00,,not_yet_collected
a6hK1fL4S878EavxcipJYQ==,Ocean,CN → GB,a) booking requested,2025-11-18 06:14:33,,not_yet_collected
ahzEVbz/HvGOxaaJ7WR9ew==,Road,IN → GB,a) booking requested,2025-11-18 06:14:33,,in_transit
btAQ1jmumwq5zHVKjKdWjg==,Ocean,CN → GB,e) collected,2025-11-20 17:19:35,,in_transit
hrJU5c7CJmw3pFK4Eqqe1w==,Air,CN → US,e) collected,2025-11-15 11:19:28,,not_yet_collected
iCXQpqWx+BoAS6Xi7SpG4A==,Road,PL → IE,e) collected,2025-11-12 15:08:49,2025-11-13 00:00:00,in_transit
jQiQXFuv9hNyTXcGhs3BoA==,Ocean,US → GB,a) booking requested,2025-11-21 09:49:40,2025-11-22 00:00:00,in_transit
jbGjGZiHIkSf7FMMDDvAsw==,Air,US → GB,a) booking requested,2025-11-21 11:15:11,2025-11-22 00:00:00,not_yet_collected
jzYaFIo7M2vc4q+WNTfjvw==,Air,GB → UNKNOWN,e) collected,2025-11-05 14:38:49,,not_yet_collected
kg2ZeCR5sNYC9KsB36BYUA==,Air,PL → ES,e) collected,2025-11-21 02:58:59,,in_transit
mz0jSFB6swvMeXl+QLlV2Q==,Road,GB → GB,e) collected,2025-11-13 22:34:12,,not_yet_collected
pUeshXceH2uii7iFmbQ9JQ==,Road,CN → GB,a) booking requested,2025-11-12 02:57:13,,in_transit
pnx+AXrZC58ev+TcsPjmpA==,Road,CN → GB,a) booking requested,2025-11-20 22:22:06,,in_transit
rc+lxSMfHA6EJRsQGUIAUw==,Road,TR → GB,a) booking requested,2025-11-11 06:57:25,,in_transit
/ncLMiR3Srpr6g2DV1RhHw==,Air,CN → US,e) collected,2025-11-19 14:16:09,,not_yet_collected
27m0OzDdvmIgHTDSGVYrhg==,Ocean,HK → GB,a) booking requested,2025-11-15 22:16:21,2025-11-20 00:00:00,in_transit
35vkNPJ3GCJMqNAB6ANw2A==,Ocean,CN → CA,a) booking requested,2025-11-19 15:23:30,,in_transit
5C/ATF8k10W9sFHHDjZxww==,Road,NL → GB,e) collected,2025-11-11 10:01:58,2025-11-21 00:00:00,in_transit
82KsWLCKDDVyibQh8MAzUw==,Air,GB → GB,a) booking requested,2025-11-21 11:28:16,,in_transit
9mTUvE2L000uh4cWS5eyrA==,Road,TR → GB,e) collected,2025-11-20 17:19:35,,not_yet_collected
BimbMnj9KTX770p9nfCpyA==,Road,KR → US,e) collected,2025-11-15 05:25:18,2025-11-20 00:00:00,not_yet_collected
DDguqo5Zz2ZGl/dZrD1F3w==,Air,TR → GB,a) booking requested,2025-11-14 17:46:48,2025-11-19 00:00:00,in_transit
FFJ5wlJveHGrPl0stJ2iZA==,Ocean,DE → FR,a) booking requested,2025-11-20 12:37:45,2025-11-19 00:00:00,in_transit
GogNs0cNvMCtxSPOAecflw==,Ocean,DE → NL,a) booking requested,2025-11-20 09:10:16,,in_transit
LOGcHiCm6YMOGXtWEST1zQ==,Road,GB → UNKNOWN,a) booking requested,2025-11-21 16:19:14,,not_yet_collected
NciCfZOBKSRN6nOgA1YHWg==,Ocean,CN → AU,e) collected,2025-11-14 09:43:04,2025-11-12 00:00:00,not_yet_collected
OorflI628+N+A8WrJoKeEg==,Air,US → GB,a) booking requested,2025-11-19 14:13:15,,not_yet_collected
PU+NfMX9nHrdBwnJN7l5aA==,Road,CN → GB,e) collected,2025-10-30 08:11:11,,in_transit
RK5C5KsO0YzDflrvN+5xHQ==,Road,CN → GB,a) booking requested,2025-11-19 15:42:51,2025-11-15 00:00:00,not_yet_collected
VP/8Ssn8HO6NWI7emkhe2w==,Air,GB → GB,a) booking requested,2025-11-19 14:16:24,,not_yet_collected
VnieD8oIX5JiYQpU8ZkD+Q==,Air,GB → US,a) booking requested,2025-11-18 13:36:17,,not_yet_collected
WnqP0hakeTmJKYiyxqh9pA==,Road,TR → GB,a) booking requested,2025-11-06 13:38:33,2025-11-20 00:00:00,not_yet_collected
XeMFETLzmG4cB4E7ggG6FQ==,Road,GB → GB,e) collected,2025-10-30 14:41:47,,in_transit
Z6Xvdp98iCz9jdowofs1aQ==,Road,CN → GB,a) booking requested,2025-11-19 14:32:19,2025-11-18 00:00:00,in_transit
a588fFrsZN+Nt4so3eoRTw==,Road,TR → GB,a) booking requested,2025-11-15 12:55:21,2025-11-19 00:00:00,not_yet_collected
a5MW4OFD3AFDT3quOX6P0w==,Road,ES → GB,e) collected,2025-11-18 07:17:11,2025-11-19 00:00:00,not_yet_collected
anEgIdOH9ak9hSe+pVY3IQ==,Air,NL → UNKNOWN,a) booking requested,2025-11-15 15:18:20,,not_yet_collected
e4TnZzhzoiYGON1bzANuXw==,Road,FR → GB,a) booking requested,2025-11-06 13:12:27,2025-11-20 00:00:00,not_yet_collected
fg/bDONB9pqEuNBF8DW/qA==,Road,PT → GB,a) booking requested,2025-11-19 17:05:06,,in_transit
fj5o6o6/38xnXCod8tISeg==,Ocean,PL → IE,e) collected,2025-11-01 08:25:26,,not_yet_collected
gU067d4uwz2ItvMuV0fthA==,Road,DE → FR,e) collected,2025-11-19 14:09:00,,in_transit
gudIDfs+AV8VytQOXMjV/w==,Road,CA → US,a) booking requested,2025-11-22 11:46:13,,not_yet_collected
m8Qc0wTImw+BkkhrNegIOA==,Air,NL → UNKNOWN,a) booking requested,2025-11-11 13:52:02,2025-11-22 00:00:00,not_yet_collected
umKnVjQRsEIWAbgQAG8JsQ==,Air,NL → PL,e) collected,2025-11-08 12:46:29,,not_yet_collected
yblXhHSE+EbkuPKbcTF75A==,Ocean,NL → ZA,a) booking requested,2025-11-11 17:45:53,,not_yet_collected
3mlvz8GAG9xxp/FsSt1RKA==,Road,GB → IS,e) collected,2025-11-19 10:28:42,,in_transit
61py9xKscVzjnRekEiyYZg==,Ocean,DE → GB,e) collected,2025-11-18 11:54:00,,not_yet_collected
7/Zd/FwQRA0i3AuULzVJ4A==,Air,GB → GB,a) booking requested,2025-11-12 08:57:08,,not_yet_collected
7ikVRV/AufbUDGJGRMAJIw==,Road,TR → GB,e) collected,2025-11-22 02:45:02,2025-11-22 00:00:00,not_yet_collected
9PJthGwIZJjX3TCRsjSlHg==,Ocean,GB → US,a) booking requested,2025-11-21 17:26:13,2025-11-04 00:00:00,not_yet_collected
B6a7NOFzASLGy9WwYPcv/g==,Ocean,CN → GB,a) booking requested,2025-11-14 16:54:06,,not_yet_collected
GKyWO/4aOCKG1DqQ2jm/0Q==,Road,GB → GB,a) booking requested,2025-11-18 06:14:33,2025-11-20 00:00:00,in_transit
GZ9kRbenY/1gam0avHkeOw==,Road,CN → UNKNOWN,a) booking requested,2025-11-19 10:28:42,,not_yet_collected
H//H3kt57WU/ktp8DRiCqQ==,Road,CN → GB,a) booking requested,2025-11-08 15:24:20,2025-11-20 00:00:00,in_transit
J71kxhAVb/lnIOuKIZlaNg==,Air,US → CN,a) booking requested,2025-11-06 13:53:33,,not_yet_collected
Jv0RwXZacy5RRFONIx+wHQ==,Ocean,NL → IT,e) collected,2025-11-14 15:38:39,,not_yet_collected
LhIZ0JDJm+r4UwLSD08lhA==,Road,US → GB,a) booking requested,2025-11-01 11:46:48,,in_transit
M4+UMMAffkidu1WEfUao7w==,Air,CN → GB,e) collected,2025-11-19 14:15:15,,in_transit
Nju0e8itN4x41Qw7Ookurg==,Air,GB → GB,a) booking requested,2025-11-19 09:22:27,2025-11-20 00:00:00,in_transit
RyzvPSbczDwWiPwAVvk2tg==,Ocean,NL → UNKNOWN,e) collected,2025-11-22 06:07:23,,not_yet_collected
SLfupb7yroXHKwTzjGo5hw==,Ocean,VN → NL,a) booking requested,2025-11-18 07:17:11,,not_yet_collected
SR1z+D46rkflFpj7nQYNkw==,Air,TR → GB,e) collected,2025-11-22 05:22:38,,in_transit
T9ZXjsKdbjEFzI3cbRawkw==,Road,TR → GB,e) collected,2025-11-15 18:52:13,,not_yet_collected
VdaQRXcm3YGHM94Jhp1xVA==,Ocean,DE → NO,e) collected,2025-11-12 15:42:32,2025-11-20 00:00:00,not_yet_collected
YDccnLPmxeclITC++DJs4Q==,Road,DE → CA,e) collected,2025-11-06 08:44:12,,in_transit
aLw+u7GuPJlrQK0XoE7dgw==,Road,DE → FR,a) booking requested,2025-11-19 05:40:42,,not_yet_collected
bNzgSFv5b3rFjkLKGWYERw==,Air,VN → GB,e) collected,2025-11-15 18:52:13,,not_yet_collected
bhprQtCfxkwfhdKaGkSxWA==,Road,US → GB,e) collected,2025-11-14 17:46:48,,in_transit
blzQXfGkLFk5FCj0OT644A==,Road,GB → PT,a) booking requested,2025-11-22 10:04:08,2025-11-19 00:00:00,not_yet_collected
bpt3X383gjo+9lf9wih6SA==,Road,CN → US,e) collected,2025-11-08 15:26:02,2025-11-18 00:00:00,in_transit
dFnLQ7CFOkEVTd3tGCGEdg==,Air,GB → US,a) booking requested,2025-11-20 17:19:35,,in_transit
dfT/+ut5HdSVz2U4Y9VmJw==,Ocean,CN → GB,a) booking requested,2025-11-21 09:29:53,,in_transit
i77CHpX6aJAhy5yyERvKaw==,Ocean,NL → DE,a) booking requested,2025-11-07 12:51:01,2025-11-21 00:00:00,not_yet_collected
j0CWeziqyD2/zKf/bQc9ZA==,Air,TR → CN,a) booking requested,2025-11-11 14:58:48,,in_transit
nIPxk3hCYXyjR0pxL7fkLw==,Air,JP → GB,a) booking requested,2025-11-14 07:43:13,,not_yet_collected
nUuhLiYCiUhfxs7/TTe6ng==,Air,NL → CN,a) booking requested,2025-11-18 07:37:48,,not_yet_collected
q/OEjSlBOCE7gWg5vur5Lg==,Air,CN → US,a) booking requested,2025-11-15 09:02:52,,not_yet_collected
qMtf0QXQElZhK/vHyR+RGQ==,Ocean,RO → GB,e) collected,2025-11-12 07:44:18,2025-11-22 00:00:00,not_yet_collected
qQsYNwN7E+N/IXx20IpHHg==,Air,KR → PL,a) booking requested,2025-11-20 22:02:49,2025-11-13 00:00:00,in_transit
qWiRFBqiq860YsWQvadQuw==,Road,CN → UNKNOWN,a) booking requested,2025-11-20 17:19:35,2025-11-15 00:00:00,not_yet_collected
qdk+pcvWjQmYkcAQBjJdaw==,Air,NL → DE,e) collected,2025-11-22 05:26:45,,not_yet_collected
r+t1SMJSVrJvnRVDH0UHqw==,Road,TR → GB,e) collected,2025-11-21 06:03:12,2025-11-22 00:00:00,not_yet_collected
uC4I+IxrS/FuitUwmOqaJw==,Air,GB → GB,e) collected,2025-11-20 13:42:12,2025-11-22 00:00:00,not_yet_collected
wy1dAN8MsSVD3WCMztdT8g==,Air,US → GB,a) booking requested,2025-11-04 14:15:07,,not_yet_collected
yIALTC7/WZd1gIB+5FDRzw==,Road,NL → UNKNOWN,a) booking requested,2025-11-19 04:52:58,,in_transit
ypxhg60lue+tK3RMDhybKw==,Road,US → GB,e) collected,2025-11-21 18:24:43,2025-11-20 00:00:00,not_yet_collected
zQ2fDPU8LhXshYpt4HXGjQ==,Road,GB → GB,a) booking requested,2025-11-18 17:59:35,,not_yet_collected
/1LxsOW5Y+TVTQXp1Itrfg==,Road,HK → GB,a) booking requested,2025-11-05 14:47:50,,in_transit
/m5xos4cTP7IUwrYv01RHg==,Road,FR → GB,e) collected,2025-11-18 03:53:55,2025-11-08 00:00:00,not_yet_collected
1DGc50hHCuiTU/DXGZipHw==,Air,US → US,a) booking requested,2025-11-04 15:05:11,2025-11-18 00:00:00,not_yet_collected
2L0QiqyhiXJVPYvOx/POvw==,Air,CN → US,a) booking requested,2025-11-18 08:11:35,,in_transit
3UeQOHE/h2ucXBNJ+8WjtQ==,Road,TR → GB,e) collected,2025-11-12 15:07:37,,in_transit
6J1OFXdA9zQqnhT4erVgMQ==,Road,HK → GB,e) collected,2025-11-15 13:15:43,2025-11-20 00:00:00,not_yet_collected
8i6YEMRwVV8Q8WA8MoW3Qg==,Air,UNKNOWN → NL,a) booking requested,2025-11-04 11:31:22,,in_transit
A9ZE9Hv1mVQem7PCFM93eg==,Air,BD → NL,e) collected,2025-11-19 09:22:27,2025-11-21 00:00:00,in_transit
AePnqTuKtlK36zzgEni2/A==,Ocean,GB → IT,e) collected,2025-11-14 10:33:16,2025-11-18 00:00:00,in_transit
B6FmSZL3nxdVDFPAenR9kA==,Ocean,TR → GB,e) collected,2025-11-19 14:20:05,,not_yet_collected
BfW41Lt68z4AnViJSE42+w==,Ocean,CN → CA,a) booking requested,2025-11-13 11:25:15,,in_transit
FjzGdiVoXVuMk6S4qEal9A==,Road,TR → GB,e) collected,2025-11-06 14:08:21,,not_yet_collected
GXNdjqlQyulRjPiJ1MFcVQ==,Air,CN → GB,a) booking requested,2025-11-21 09:42:46,,not_yet_collected
I3cdXbP1v4YreQhnCwhc9g==,Air,GB → GB,a) booking requested,2025-11-18 09:46:09,,not_yet_collected
INK8GvgjbBUpycTtizWugQ==,Road,HK → GB,a) booking requested,2025-11-14 06:03:15,2025-11-21 00:00:00,not_yet_collected
Ju7r64FcC42iE31XmtnNwQ==,Road,DE → FR,a) booking requested,2025-11-20 16:44:47,2025-11-13 00:00:00,in_transit
LavHxnRodskRwfHWJ//qpw==,Ocean,TR → GB,e) collected,2025-11-21 03:58:13,2025-11-15 00:00:00,not_yet_collected
Lb+keAWlJi7SQ2iRxW2IvA==,Road,ES → GB,a) booking requested,2025-11-15 16:48:12,2025-11-20 00:00:00,in_transit
LsniGnloUgWtLCzph0E7aQ==,Road,US → GB,e) collected,2025-11-22 06:29:46,2025-11-18 00:00:00,in_transit
MGpizBIzCac0KssJrOZd7g==,Road,NL → UNKNOWN,e) collected,2025-11-22 10:59:25,,in_transit
Oxtnm7A1jdI1StOl549g1Q==,Ocean,NL → UNKNOWN,e) collected,2025-11-22 10:07:39,2025-11-20 00:00:00,not_yet_collected
RHzzR3iK3nSrO7nLbnZEjQ==,Ocean,CH → US,a) booking requested,2025-11-06 14:05:57,,not_yet_collected
RiB1PNVOLhhOm7z34mwh3g==,Road,TR → GB,a) booking requested,2025-11-22 06:40:58,,in_transit
UfiKspoc8CsPVylj/h9Kkw==,Air,CN → GB,e) collected,2025-11-19 13:54:11,,not_yet_collected
W/gLNK9W1b19Kf8UDM4Wsg==,Ocean,GB → AE,a) booking requested,2025-11-20 14:51:03,2025-11-18 00:00:00,not_yet_collected
XcibCLhfqJhAYfU8NmNnCA==,Road,NL → AE,a) booking requested,2025-11-08 14:39:36,2025-11-20 00:00:00,not_yet_collected
Y1eeESpsLlNI3xw5tLYSQw==,Road,TR → GB,a) booking requested,2025-11-15 18:52:13,2025-11-20 00:00:00,not_yet_collected
b76NxA9uKf0Gdf1E2tQMbQ==,Road,US → NL,a) booking requested,2025-11-18 07:17:11,,in_transit
cYvdYCLYtZjzKDp3f07jeQ==,Air,GB → GB,e) collected,2025-11-18 06:14:33,,not_yet_collected
ccKCKT5FXD1abdYrdsG8DQ==,Road,DE → DE,a) booking requested,2025-11-18 06:14:33,2025-11-21 00:00:00,not_yet_collected
jzEySVV6aAb782QnNzyQFA==,Road,CN → US,a) booking requested,2025-11-20 14:26:37,,in_transit
mXVtkLZClfcibF2jvoOpOQ==,Air,CN → UNKNOWN,e) collected,2025-11-20 13:49:00,2025-11-20 00:00:00,not_yet_collected
mvOQg1mf8TQUYfY/XOdVfw==,Air,FR → GB,a) booking requested,2025-11-06 14:05:57,2025-11-19 00:00:00,in_transit
oWmllef/h744hrDaFLQAQA==,Road,ES → GB,e) collected,2025-11-15 10:36:18,,not_yet_collected
pLZc++VztrZKBIYihFk4iQ==,Road,DE → CH,a) booking requested,2025-11-20 07:24:38,2025-11-15 00:00:00,in_transit
stGwaW76JuXFoPXIUMYUOg==,Road,CN → US,e) collected,2025-11-19 15:31:22,,not_yet_collected
tcx9NlrQ88T/xmJO4qslJg==,Ocean,PL → US,e) collected,2025-11-21 15:37:41,,not_yet_collected
v3rQbHP7pQ5fp8ESbCMUqw==,Ocean,US → GB,a) booking requested,2025-11-21 06:12:29,2025-11-19 00:00:00,not_yet_collected
vc1IYjOt+zAT77288Dso/Q==,Road,US → GB,a) booking requested,2025-11-14 12:06:31,2025-11-18 00:00:00,not_yet_collected
wIUBG5CPXei2VFOdEbKAvg==,Air,GB → GB,e) collected,2025-11-21 16:46:34,2025-11-21 00:00:00,not_yet_collected
x5Iq/+pxBfWWlKqdfFBTdA==,Road,PT → GB,a) booking requested,2025-11-18 08:57:36,,in_transit
yLUSNEgyG/uy4IF2SxBXSg==,Air,CN → GB,e) collected,2025-10-30 13:07:56,,in_transit
zfpbyTjDHoHwh6yU00fQnw==,Ocean,UNKNOWN → GB,a) booking requested,2025-11-12 15:13:17,2025-11-21 00:00:00,not_yet_collected
21DAypGFnQ8z/Xp7gEBDoA==,Road,DE → FR,a) booking requested,2025-11-15 15:54:43,2025-11-15 00:00:00,not_yet_collected
239TBZtEhFOVFfS7pZgkNg==,Air,UNKNOWN → GB,a) booking requested,2025-11-18 06:14:33,,in_transit
42fiqZMeaqIaxsJjXvs4Kg==,Road,US → GB,a) booking requested,2025-11-05 14:51:51,,in_transit
6S9h26g9MKy3zU7LizTRwQ==,Ocean,NL → FR,e) collected,2025-11-12 15:10:15,2025-11-20 00:00:00,in_transit
7HDRWJi2lzuKKLME7dYR5A==,Air,NL → GB,e) collected,2025-11-22 06:09:39,,in_transit
7mtOxWvZ4ACKqH03yWTC5g==,Road,CN → AU,e) collected,2025-11-22 01:56:05,,in_transit
9ebVtO3dHtcHPQkyHjBHeQ==,Ocean,NL → DE,e) collected,2025-11-01 11:48:10,2025-11-22 00:00:00,in_transit
9j8aXVTu/Q6/7XqpHaaGQQ==,Air,CN → GB,e) collected,2025-11-05 14:26:22,,not_yet_collected
9xImwfxUiyYVgIF0kSjKHg==,Air,UNKNOWN → GB,a) booking requested,2025-11-18 09:46:09,,not_yet_collected
CdTUCoiaDC5eC4gJFFDqGw==,Ocean,DE → FR,e) collected,2025-11-12 02:57:13,,not_yet_collected
ElJrFfDFnhlR/whbuGAiaA==,Ocean,TR → GB,e) collected,2025-11-12 18:03:06,,not_yet_collected
FozcTId9IaG3JX/vYPQfHA==,Road,GB → GB,e) collected,2025-11-21 09:42:46,,not_yet_collected
GdZAMRhBkH46pVoUwuM/Ng==,Ocean,TR → GB,a) booking requested,2025-11-11 16:06:29,2025-11-21 15:53:50,not_yet_collected
IjCtZU3r17Hb27y/oEHM2Q==,Ocean,GB → GB,a) booking requested,2025-11-20 17:19:35,2025-11-22 00:00:00,in_transit
KOj8py3bGoBJMZEGd3XUNw==,Ocean,TR → GB,e) collected,2025-11-15 07:14:45,,not_yet_collected
KiDFXo7WwgWsyLb01KRbEQ==,Road,CN → NL,e) collected,2025-11-22 12:04:33,,not_yet_collected
KormCkAKMFPSisbh9QxPMg==,Air,IE → US,e) collected,2025-11-07 11:38:04,2025-11-21 17:15:00,not_yet_collected
MIANcZFalrlvSJrYAYR1Gg==,Road,NL → GB,a) booking requested,2025-11-19 11:23:49,2025-11-20 00:00:00,in_transit
NDSn8HfPNStOdbMMvq5Blw==,Road,NL → GB,a) booking requested,2025-11-01 19:19:15,2025-11-18 00:00:00,in_transit
Os95XwX6u25zlt8cdYfKdg==,Air,CN → GB,a) booking requested,2025-11-22 03:56:29,2025-11-21 00:00:00,not_yet_collected
PF3ltNN4wyy667tN4wqWDA==,Road,CN → GB,a) booking requested,2025-11-06 14:05:57,2025-11-20 00:00:00,not_yet_collected
QBpfUfqvv2CxdMIvBznsvQ==,Ocean,TR → GB,a) booking requested,2025-11-11 01:55:37,2025-11-18 00:00:00,in_transit
Qm/FBqKfQbQQp2REh8lb1Q==,Air,TW → GB,a) booking requested,2025-11-18 17:03:00,,not_yet_collected
RvwXStfw8rQDC80NUVN4wQ==,Ocean,US → GB,e) collected,2025-11-20 12:37:45,,in_transit
T46kOhzzI4nm/LeHpU1Pfw==,Air,DE → FR,e) collected,2025-11-19 13:20:27,,not_yet_collected
UQPhtyuuKnw07lv7oRCdEQ==,Ocean,NL → UNKNOWN,a) booking requested,2025-11-19 14:21:50,,in_transit
UpcIA0kIQuaamy+jZ0L55w==,Road,GB → UNKNOWN,a) booking requested,2025-11-22 06:40:58,,not_yet_collected
Vwl2mWJYzPY1r5/Vg1RJhA==,Road,ES → GB,e) collected,2025-11-19 09:22:27,,in_transit
XyXMn4Yjht8z+TDpI8OqEw==,Road,GB → GB,a) booking requested,2025-11-19 04:05:23,2025-11-22 00:00:00,not_yet_collected
Z/pVUInAQyShaBEqFQiiwA==,Road,US → US,a) booking requested,2025-11-22 07:25:51,,in_transit
Z3up9QTKcH9F7zacnbM8Bg==,Road,GB → CH,a) booking requested,2025-11-20 17:50:51,,not_yet_collected
a7GPe/c/T4kRpBuiB9pc2g==,Road,DE → FR,e) collected,2025-11-19 10:11:30,,not_yet_collected
bSEZYxV+jUk0zKoq4YTtVw==,Road,CN → US,e) collected,2025-11-18 07:17:11,2025-11-19 00:00:00,in_transit
c1Q9mZpmePMbKz2tkM1IaA==,Road,CN → CA,a) booking requested,2025-11-19 15:32:03,2025-11-18 00:00:00,in_transit
d/9a4REBwUEByr4bcjY6Mw==,Air,KR → GB,e) collected,2025-11-21 15:53:44,,not_yet_collected
dAgoAur+0hiNOMvL2S6xwg==,Road,CN → GB,a) booking requested,2025-11-06 08:43:45,,not_yet_collected
e8B8j6NLH6RVpY2Ut7AKSw==,Air,CN → CA,a) booking requested,2025-11-19 14:46:28,2025-11-22 00:00:00,in_transit
fI+mbtgROKYbYj+u5Mwl+w==,Road,GB → US,e) collected,2025-11-12 15:41:40,,not_yet_collected
fvblXXk0PBTHmXQvcQUdnw==,Ocean,DE → FR,a) booking requested,2025-11-18 06:14:33,2025-11-01 00:00:00,not_yet_collected
fyOsq4jF4s3vUsM6ubYDYA==,Ocean,GB → GB,e) collected,2025-11-22 07:42:58,,not_yet_collected
idd22A50EgkXpXQBSOFsng==,Road,CN → GB,e) collected,2025-11-14 11:03:30,2025-11-20 00:00:00,not_yet_collected
lNXU2i2Qi7naFLUVvEbB4g==,Air,NL → ZA,a) booking requested,2025-11-14 07:43:13,,in_transit
pGtjIAopYEBL4lyYgEgH/w==,Air,TR → GB,a) booking requested,2025-11-19 16:30:32,2025-11-20 00:00:00,in_transit
pNKYdKtZVP3695Dw+8eIAw==,Ocean,CN → GB,a) booking requested,2025-11-19 12:14:58,,not_yet_collected
q1zFqRWDAtnSAiUAgc3Txg==,Ocean,GB → UNKNOWN,a) booking requested,2025-10-30 13:19:04,2025-11-19 00:00:00,not_yet_collected
rkZjTjAIk9JX8K/+05awKg==,Air,US → NL,a) booking requested,,,not_yet_collected
sCEjIRednVOxyQG4ELHzLw==,Ocean,CN → GB,e) collected,2025-11-18 12:22:06,,in_transit
wbNn5ffIXPEFhiz1p0oKcw==,Road,NL → UNKNOWN,e) collected,2025-11-08 09:14:35,2025-11-22 00:00:00,not_yet_collected
xCG2CRxmwvVn9Echlrihjg==,Road,TR → GB,e) collected,2025-11-07 15:43:07,2025-11-13 00:00:00,in_transit
07dmd3tlu7Zyc6sIkpQ7nw==,Ocean,GB → GB,e) collected,2025-11-19 13:17:01,,not_yet_collected
0A2CGJso7IascA8EieLmng==,Air,CN → CA,e) collected,2025-11-20 16:43:49,2025-11-22 09:12:31,in_transit
3ws7JGHt2VbUTGChVop5Xw==,Road,NL → UNKNOWN,a) booking requested,2025-11-18 11:58:37,2025-11-20 00:00:00,not_yet_collected
5t8DPpRCpCKKxTqeIUjhRg==,Ocean,CN → GB,e) collected,2025-11-20 13:49:00,2025-11-20 00:00:00,not_yet_collected
6aum60B2/VN4usFhUR2R+g==,Air,DE → DE,a) booking requested,2025-11-14 13:20:33,,not_yet_collected
7vhf2kx2mn89VdJTW92LHw==,Road,US → NL,a) booking requested,2025-11-06 14:05:57,,not_yet_collected
8DaxaRYMVWQn/FAWlsQQcA==,Ocean,TR → GB,a) booking requested,2025-11-19 15:30:34,,in_transit
9HqyCP/UXM0MjeXXmJjPFQ==,Road,CN → US,e) collected,2025-11-15 16:11:41,,not_yet_collected
DUn4g+UbUf5dXpUNrz4xew==,Road,US → GB,e) collected,2025-11-04 13:50:39,,not_yet_collected
FAQ9X8Fg6VXtqboZly2cMQ==,Road,GB → GB,e) collected,2025-11-18 06:14:33,,not_yet_collected
FE3/CsUIl5mIyDH+6RpP/Q==,Road,NL → UNKNOWN,a) booking requested,2025-11-18 07:48:57,,not_yet_collected
FXGaHa8dI7jq8mGXAVwlMg==,Road,NL → CN,a) booking requested,2025-11-20 16:44:47,,in_transit
HA6SrzYkAFxbadSEn68ktA==,Road,UNKNOWN → GB,e) collected,2025-11-21 03:12:15,,not_yet_collected
HBiM2COiiGBrJ9s2udxMyw==,Ocean,CN → GB,a) booking requested,2025-11-11 16:50:45,,in_transit
NCJ1EKx6p3kRaID9MxLVnQ==,Ocean,CN → GB,e) collected,2025-11-21 11:55:18,,in_transit
NGSza8Qi2JGJ1jPFHpauCA==,Air,GB → UNKNOWN,e) collected,2025-11-12 13:14:16,2025-11-18 00:00:00,in_transit
Nw1gweeBExbaVZjTszL/xw==,Ocean,NL → UNKNOWN,a) booking requested,2025-11-18 17:03:00,,not_yet_collected
Pffss+tA7fLCe+ViKyNc5Q==,Air,NL → UNKNOWN,e) collected,2025-11-18 12:22:32,,not_yet_collected
Py2i5QGzyZpAgnOvKQOfJA==,Air,NL → UNKNOWN,a) booking requested,2025-11-20 07:24:38,2025-11-15 00:00:00,not_yet_collected
R2DZUN2X5wg7Ot15q1rKMQ==,Road,PT → GB,a) booking requested,2025-11-22 06:24:31,2025-11-21 00:00:00,in_transit
UR2EX4b9cTAU+yQ51B42tQ==,Road,IN → GB,e) collected,2025-11-18 08:57:36,,in_transit
Vr4GcF4iRqdnISCy06+qsw==,Ocean,DE → FR,e) collected,2025-11-18 09:46:09,2025-11-19 00:00:00,in_transit
WuF8cUVOis9CGBbXI0x5Cw==,Air,GB → UNKNOWN,e) collected,2025-11-13 10:26:59,,in_transit
Y11xhMlHwL/I4GTLnuh1+Q==,Road,US → GB,a) booking requested,2025-11-18 09:01:42,,not_yet_collected
Zie57N+a2QCDLFm2FNg4OA==,Air,GB → GB,a) booking requested,2025-11-12 03:47:53,,in_transit
fBw7qiZFp+qN6iYd5v8zVQ==,Road,UNKNOWN → GB,e) collected,2025-11-20 12:26:46,2025-11-20 00:00:00,in_transit
fOsEO1ci1Gu6mrBXfwPmRA==,Air,US → GB,e) collected,2025-11-09 14:34:50,2025-11-18 00:00:00,not_yet_collected
fkVmK+WdL9FRBDDzv0pFyg==,Ocean,GB → US,a) booking requested,2025-11-21 19:04:43,2025-11-12 00:00:00,not_yet_collected
fpEHxRSj4Hb7p/oMLUBK8w==,Ocean,GB → US,a) booking requested,2025-11-19 16:03:02,,not_yet_collected
g8x0eY3RoDTu+BCxbFFfuA==,Road,CN → GB,e) collected,2025-11-12 14:24:51,,not_yet_collected
hbg64+WftY/2IWomzELJog==,Road,TR → GB,a) booking requested,2025-11-07 16:51:13,2025-11-08 00:00:00,in_transit
j/NI9HsER9Qn1Fw7nq6nFQ==,Ocean,GB → GB,a) booking requested,2025-11-19 09:10:48,,in_transit
kHbQ7Jx8jnFZKVwVw7j/Uw==,Ocean,GB → GB,e) collected,2025-11-18 07:17:11,2025-11-14 00:00:00,not_yet_collected
kbN1YG4MrsnZDnN++DVAGA==,Road,TR → GB,a) booking requested,2025-11-20 14:26:37,,in_transit
ld6Jsh7/odMmjpOrdx27JQ==,Road,TR → GB,a) booking requested,2025-11-18 06:14:33,,in_transit
mWe3FWcYj/dBwQVH1ONEhQ==,Road,NL → PL,e) collected,2025-11-19 09:57:15,,not_yet_collected
odwuJLt2fyiaEh4ag2PPng==,Road,TR → GB,a) booking requested,2025-11-15 10:41:15,,not_yet_collected
qYioNwjj8tAXiWi5ErNAWQ==,Ocean,TR → GB,a) booking requested,2025-11-19 05:06:41,,not_yet_collected
qkQCSwfeg4PSbSM6LFA8WQ==,Ocean,GB → US,e) collected,2025-11-19 17:06:30,,not_yet_collected
rbpdEduZqqOAJH51bGlgkg==,Rail,NL → DE,e) collected,2025-11-22 01:18:40,2025-11-22 00:00:00,in_transit
vJZckSuzFNgJ7c3WsukUnA==,Air,CN → GB,e) collected,2025-11-01 12:05:32,2025-11-19 00:00:00,not_yet_collected
vR3+UzAvHzWwoA/Q+bnGlw==,Ocean,GB → GB,a) booking requested,2025-11-20 16:55:24,2025-11-15 00:00:00,in_transit
vqcDCTLd8jH9IVHL1Ve0iw==,Road,CN → UNKNOWN,e) collected,2025-11-05 14:42:25,,not_yet_collected
xW0T/ZNbOye0ennHyJLrkA==,Road,CH → US,e) collected,2025-11-21 15:06:07,,not_yet_collected
yq9xGNPifNzhNva2OJddrg==,Ocean,US → CA,e) collected,2025-11-12 13:08:22,,in_transit
yznEbRnntuFrXS9Ji/aOtw==,Road,CN → US,e) collected,2025-11-18 12:20:29,,in_transit
#ERROR!,Ocean,CN → GB,e) collected,2025-11-19 14:15:01,,in_transit
1s0e+do2PjZDObIuCOOhfQ==,Ocean,IN → GB,e) collected,2025-11-08 13:43:49,2025-11-21 00:00:00,not_yet_collected
868cdUbO/Ff3Uo3sElXXjg==,Ocean,CN → US,a) booking requested,2025-11-05 14:39:30,,not_yet_collected
8eQI0O4by0dJixH9oLNHmg==,Ocean,CN → GB,a) booking requested,2025-11-04 12:19:37,2025-11-21 00:00:00,in_transit
8w5+/eucCtiAX15zYbHbtg==,Road,TR → GB,a) booking requested,2025-11-05 08:17:25,,in_transit
9buEHZF4RkSeDJU3Yuee6Q==,Road,FR → US,a) booking requested,2025-11-19 05:06:41,2025-11-19 00:00:00,not_yet_collected
AfN6uA+Tsz3b8eRCyRTDVQ==,Air,TR → GB,a) booking requested,2025-11-15 11:30:44,2025-11-15 00:00:00,in_transit
Al9GPOI70kOhATG35mmTqA==,Air,CN → AU,a) booking requested,2025-11-22 03:56:29,,in_transit
BvGiL55wi+QDhc0Xz7dZLQ==,Road,PL → ES,e) collected,2025-11-14 09:43:04,,not_yet_collected
GxSSdu2zVfHLKzrujpqxVw==,Road,CN → GB,a) booking requested,2025-11-06 13:15:31,,not_yet_collected
H2W+P5/E7/jB+xB6JHc0Hw==,Air,GB → US,a) booking requested,2025-11-19 16:27:37,,in_transit
IdacKkNNPxy6BvRA/X0P9w==,Ocean,NL → UNKNOWN,a) booking requested,2025-11-19 23:37:20,,in_transit
IgZXiMnjkSCC3E3sDYm3Tw==,Air,GB → US,e) collected,2025-11-18 07:17:11,,not_yet_collected
J9naWSeGc1UEuBZhIgPD3Q==,Ocean,HK → GB,e) collected,2025-11-11 10:01:58,,in_transit
KgneuSm/PcENBwilhAAm4w==,Ocean,DE → FR,a) booking requested,2025-11-14 16:55:44,,not_yet_collected
NlPP7yFpJpuhbM7J3Amv8g==,Ocean,DE → FR,a) booking requested,2025-11-11 17:51:52,2025-11-19 00:00:00,in_transit
R51w6x7IiLH27QZpLjiMYQ==,Road,NL → DE,e) collected,2025-11-06 13:35:14,,in_transit
Ri8E6xo7gGRTuoJfoNnMEw==,Road,GB → US,a) booking requested,2025-11-05 15:00:11,,not_yet_collected
SKjfIo45eVSmMVWmqpm4NA==,Road,NL → UNKNOWN,e) collected,2025-11-19 11:03:29,,in_transit
SeZJN1Y725Vokp+3+s2UbA==,Road,TR → GB,a) booking requested,2025-11-21 14:54:03,2025-11-12 00:00:00,not_yet_collected
VglNjzDVa1v8cT4zlZPF8g==,Road,IN → GB,e) collected,2025-11-20 12:37:45,2025-11-18 00:00:00,not_yet_collected
XJktmSNIe/oooF5a+wHMSA==,Road,GB → GG,a) booking requested,2025-11-20 16:43:49,,not_yet_collected
XeXf6NwH0bVpcVVbIojtAw==,Road,CN → GB,e) collected,2025-11-19 23:37:20,2025-11-22 00:00:00,not_yet_collected
XxfyUgyhym6WALqyUDdvFw==,Road,DE → NO,a) booking requested,2025-11-19 17:05:29,2025-11-20 00:00:00,not_yet_collected
YPNAzCqlkmdG5MNixefg2A==,Road,HK → GB,e) collected,2025-11-06 14:05:57,,in_transit
ZGnK6pZaH8aNjkuyQWEyjg==,Ocean,CA → GB,a) booking requested,2025-11-08 14:33:59,,not_yet_collected
bmUMcf1PkWnQSyN+Fp5cGw==,Ocean,NL → UNKNOWN,a) booking requested,2025-11-18 12:24:29,2025-11-18 00:00:00,in_transit
fN0TTdD0uoLXA4gqXGJ/gQ==,Road,IT → GB,e) collected,2025-11-07 09:55:45,,in_transit
iqiCHtOkdLAgcR6URSTmSQ==,Air,GB → GB,e) collected,2025-11-18 07:17:11,2025-11-20 00:00:00,in_transit
lYv4Z+NM8znAlk2I8rjLOA==,Ocean,CN → GB,a) booking requested,2025-11-07 11:33:20,2025-11-18 00:00:00,in_transit
m3bV6znMht/Su4273cHblQ==,Air,DE → FR,e) collected,2025-11-11 16:15:07,2025-11-18 00:00:00,not_yet_collected
mLGZnvjBUuMnF7gBqzzVFw==,Ocean,TR → GB,e) collected,2025-11-14 06:10:50,,not_yet_collected
pKEPmHb6PNujV03kvQGtGw==,Air,AE → NL,a) booking requested,2025-11-15 08:04:17,2025-11-18 00:00:00,in_transit
qaz1704xGJWVHyz8Li9V6g==,Ocean,CN → US,a) booking requested,2025-11-14 10:33:16,,not_yet_collected
r0Iov7WpKf/aDBEJ8lNpTg==,Air,TR → US,a) booking requested,2025-11-18 01:35:24,,not_yet_collected
r1nweoqH3FyFN/V85DVE+A==,Air,HK → GB,a) booking requested,2025-11-20 13:49:00,2025-11-20 00:00:00,in_transit
sDIDYGoguavimQlb5FxBDg==,Road,CN → GB,e) collected,2025-11-13 22:34:12,,not_yet_collected
t5tprNTEadloC4q6WI4gcA==,Air,GB → UNKNOWN,e) collected,2025-11-19 15:26:47,,not_yet_collected
uJTignA55BCmNt15nodTqA==,Road,HK → GB,a) booking requested,2025-11-15 12:12:13,2025-11-21 20:40:22,not_yet_collected
v5vkt9Uk7HPs03+dA7IxuA==,Road,TR → GB,e) collected,2025-11-12 05:23:39,,in_transit
x3ToldAMCnkMBTo8+BapbA==,Ocean,PL → IT,a) booking requested,2025-11-20 07:24:38,,not_yet_collected
xJm9ryF7+UhdnfEfhGRfMw==,Ocean,IN → GB,e) collected,2025-11-18 17:03:00,2025-11-20 00:00:00,not_yet_collected
y21p0igzspw6VrZN08sLOw==,Road,CN → US,a) booking requested,2025-11-05 14:25:23,2025-11-21 00:00:00,not_yet_collected
yI6ZN+jaSBu2UfEqyn72IA==,Road,CN → GB,e) collected,2025-11-13 09:09:53,,not_yet_collected
zOxBZ7gOWk9xGL9IvWIXCg==,Road,GB → GB,a) booking requested,2025-11-15 17:22:51,2025-11-20 00:00:00,not_yet_collected
zZTj3YHZwZYfb9BeNibL2w==,Ocean,GB → UNKNOWN,e) collected,2025-11-11 08:54:15,2025-11-13 00:00:00,in_transit
0e9+aenBSIpRW6DG/Vc0pQ==,Ocean,KR → US,a) booking requested,2025-11-06 13:38:33,2025-11-19 00:00:00,in_transit
1hr6VF71PjsqgYi9CCvgAQ==,Air,GB → GB,a) booking requested,2025-11-21 17:29:15,,not_yet_collected
2tbwnnLpcb8PXPhxf9aXOA==,Air,NL → UNKNOWN,a) booking requested,2025-11-01 12:05:32,2025-11-21 00:00:00,in_transit
58y+Kt6hSpuyc01y5mZekQ==,Road,US → GB,a) booking requested,2025-11-21 01:15:34,,in_transit
5FS6HUZDnrH+rdRgXRs6Gw==,Road,TR → GB,e) collected,2025-11-18 03:25:29,,in_transit
5LU2IC7/4lqLqlfSB1zulw==,Air,GB → GB,a) booking requested,2025-11-20 17:19:35,,in_transit
7Vik14fdkByJDk1h7dpbVA==,Ocean,CN → US,a) booking requested,2025-11-06 13:38:33,,in_transit
9xQCdU35wf3BMMJ3BqSBJA==,Road,FR → GB,a) booking requested,2025-11-06 15:17:30,2025-11-22 00:00:00,not_yet_collected
9zPwmZ57mQtX3+JT7tuwWw==,Road,GB → GB,a) booking requested,2025-11-06 13:15:31,,not_yet_collected
CFNXOi5yO8pHz/xbKltYWw==,Air,CN → NL,e) collected,2025-11-13 11:15:36,2025-11-20 00:00:00,in_transit
DVZIa0lHpkBGr8cOSeWuOQ==,Road,TR → GB,a) booking requested,2025-11-11 10:51:12,2025-11-20 00:00:00,not_yet_collected
Fn2jeuoticFObXL93gM+gQ==,Road,NL → UNKNOWN,e) collected,2025-11-18 07:17:11,2025-11-13 00:00:00,not_yet_collected
H9n4tBhHmwFWMYX9W4esTQ==,Ocean,GB → GB,e) collected,2025-11-20 17:19:35,,not_yet_collected
I06IheLMgwTwMx28QNuZmg==,Road,DE → CH,e) collected,2025-11-18 06:14:33,,in_transit
LRKcTROMVfNQOhL9D77HBA==,Ocean,ES → GB,a) booking requested,2025-11-12 15:14:21,2025-11-20 00:00:00,in_transit
Llrxd6+1IcvknaF/RJIpsQ==,Air,HK → GB,a) booking requested,2025-11-18 06:02:49,,not_yet_collected
PBowmcZ0ft5UiQ8vMMBv5g==,Road,CN → US,a) booking requested,2025-11-18 16:13:35,,not_yet_collected
QnTTpMib3F1VFrfVAqxp3w==,Road,GB → GB,e) collected,2025-11-08 12:12:33,,in_transit
Qxu+W6nGEye3BaEvhYuTVA==,Road,GB → GB,e) collected,2025-11-13 09:23:46,,not_yet_collected
Tc6PrNBPq51HlkNce4JyHg==,Road,HK → GB,a) booking requested,2025-11-19 03:10:39,2025-11-20 00:00:00,in_transit
W7whPJQSapxS9O7fepCa5w==,Road,CN → US,a) booking requested,2025-11-19 15:25:46,,in_transit
aU6OUPL271Sit+mRIIcuCw==,Road,DE → GB,e) collected,2025-11-20 21:59:12,,not_yet_collected
clkMc1+9VjZKQf9XVowCaw==,Air,GB → GB,e) collected,2025-11-20 17:53:57,2025-11-20 00:00:00,in_transit
f7zTNG0Kb34pqMMp6PrhuQ==,Ocean,NL → GB,a) booking requested,2025-11-05 14:35:58,,not_yet_collected
fl1f3sFIuSIUTIYuZ2uDrQ==,Road,NL → GB,e) collected,2025-11-05 14:23:37,2025-11-21 15:45:00,not_yet_collected
hu/wCOpBCZVKd8UOxDbkuQ==,Road,TR → GB,a) booking requested,2025-11-19 17:03:37,2025-11-18 00:00:00,not_yet_collected
iwm/uNrEPlrfsBmvH4hO2g==,Road,CN → GB,e) collected,2025-11-15 16:04:17,2025-11-08 00:00:00,not_yet_collected
jS4hPgCJBE/wYNS0NJnY0w==,Ocean,DE → FR,a) booking requested,2025-11-19 14:25:05,,not_yet_collected
l+d1k9riHyolxo+SP0K4Aw==,Air,DE → FR,a) booking requested,2025-11-04 15:05:11,,not_yet_collected
mEl+PPn5b1JAboXfv4AX3w==,Road,GB → GB,a) booking requested,2025-11-15 10:45:30,2025-11-21 00:00:00,in_transit
q1LlBLwTMA6/CtQjSD4CgQ==,Road,NL → UNKNOWN,a) booking requested,2025-11-12 11:15:34,,not_yet_collected
qRNXXUF8PB+EKPUE2AxgUA==,Road,DE → FR,e) collected,2025-11-19 10:20:16,,in_transit
qw7TaIyrlLd6UE8mY42L0g==,Ocean,GB → US,a) booking requested,2025-11-21 02:09:23,,not_yet_collected
qz7zox9cgKzpljCwTb/AaQ==,Road,GB → US,a) booking requested,2025-11-14 08:49:45,,in_transit
uGA2hOXN3IPNoLvv+JsQmg==,Road,CH → US,a) booking requested,2025-11-19 16:19:48,2025-11-20 00:00:00,not_yet_collected
vNncXFGXrxlLbXKNATotUQ==,Road,GB → GB,a) booking requested,2025-11-04 13:14:36,2025-11-19 09:02:16,in_transit
xP9wfdZ9E9xr+mSIemf1QQ==,Road,DE → FR,e) collected,2025-11-12 07:43:29,,in_transit
0oEte3HHjQq62YgQTOV2ww==,Ocean,US → GB,a) booking requested,2025-11-19 11:04:04,,in_transit
2zSHuD/z5mRs1WLUevJfgA==,Road,IT → US,a) booking requested,2025-11-12 17:56:55,,in_transit
3zUbFYpuZSBSuCY+mnifWA==,Air,NL → UNKNOWN,a) booking requested,2025-11-20 17:19:35,2025-11-22 00:00:00,not_yet_collected
4bkJdBR++uUoRtP8pRpyBQ==,Road,US → GB,a) booking requested,2025-11-11 10:01:58,,in_transit
8K7oRRPjTcjZhwcKcPAk3g==,Ocean,GB → GB,e) collected,2025-11-07 12:50:08,2025-11-19 00:00:00,in_transit
8gDUXuiha8K15q+zuxw4BA==,Ocean,TR → GB,e) collected,2025-11-15 07:52:22,,not_yet_collected
Cuv9zsHzGE1+p7l+m1WxZg==,Road,PT → GB,a) booking requested,2025-11-19 16:26:31,2025-11-20 00:00:00,in_transit
EC3s4YYXvApigDIIa/2c+Q==,Ocean,US → US,a) booking requested,2025-11-18 17:03:00,,not_yet_collected
ETOprFqEYsH2PnRWclpT2Q==,Air,CN → GB,e) collected,2025-11-22 10:07:39,,not_yet_collected
FC+b3NX5dELQaDSt7ZsJOg==,Air,NL → UNKNOWN,a) booking requested,2025-11-21 18:04:31,,not_yet_collected
GODejlmEfrOqwlMvHYRCMQ==,Road,CN → NL,a) booking requested,2025-11-12 13:10:32,,not_yet_collected
H/ibuyk4e1xoI8PRXTfo5w==,Road,US → NL,e) collected,2025-11-18 12:28:23,2025-11-18 00:00:00,not_yet_collected
JunAv02w6b1i9odl5KV/ug==,Ocean,CN → GB,a) booking requested,2025-11-22 10:53:22,,not_yet_collected
KnSuHIs7LNVDiMxZzJiWqw==,Road,TR → GB,e) collected,2025-11-07 16:54:20,,not_yet_collected
LY2rZJ9IQv6eXrUD/gJeXg==,Ocean,TR → GB,e) collected,2025-11-22 02:45:02,,in_transit
LZOSWUOr0YFcXEanquRTIg==,Road,CN → US,e) collected,2025-11-19 14:16:50,,not_yet_collected
OMNFry0RiD0BIpVMN2SULQ==,Ocean,DE → NO,a) booking requested,2025-11-05 14:22:51,2025-11-19 00:00:00,not_yet_collected
VI33cp3BMfWazXljrmM5BQ==,Air,CN → GB,e) collected,2025-11-07 11:34:30,,in_transit
WQg/YMYFYZ5Zw0q26sLn/A==,Road,BD → US,e) collected,2025-11-21 01:33:47,2025-11-22 13:05:05,in_transit
X6tkBZxluyVuq2WTDQKVKA==,Air,US → NL,a) booking requested,2025-11-08 10:25:19,2025-11-22 00:00:00,in_transit
aFTtPTQ86Y5vAYAYbLl65A==,Road,IE → US,a) booking requested,2025-11-19 14:02:14,2025-11-21 10:48:46,not_yet_collected
bNDznaTOCNpITNP9XcwdMg==,Road,DE → FR,e) collected,2025-11-01 16:58:59,,not_yet_collected
e0hy9l5/A2djMMFPASHSoQ==,Air,TR → GB,a) booking requested,2025-11-08 11:19:57,,in_transit
e4ZYv6COKSnEthoY8idFEw==,Ocean,SE → AU,a) booking requested,2025-11-21 16:13:06,,in_transit
egiIJKfNW+V6RCPVQ0eHLg==,Air,CN → NL,e) collected,2025-11-04 08:13:37,2025-11-21 00:00:00,in_transit
gZFYun8XuDZ7qzviAf4vMQ==,Ocean,GB → GB,e) collected,2025-11-14 10:52:37,2025-11-15 00:00:00,not_yet_collected
h3kBalZw4cgFLFRRz/N/BA==,Air,FR → GB,a) booking requested,2025-11-19 14:27:19,,not_yet_collected
h79pz7yh+ePXHabycLDxSQ==,Rail,US → GB,a) booking requested,2025-11-05 14:17:49,2025-11-21 00:00:00,in_transit
kHD7xUFMe+X/1uqXSIfCJA==,Road,CN → NL,a) booking requested,2025-11-19 14:26:33,2025-11-20 00:00:00,in_transit
mz+3QFlUHNM84bi/F1flAw==,Ocean,CN → GB,a) booking requested,2025-11-14 10:33:16,,not_yet_collected
nNPa7U1ClHPy4tyBIpQNUA==,Road,FR → US,e) collected,2025-11-14 14:19:42,,in_transit
pGWoYbjU8HmpjqvmNLBGjQ==,Ocean,IN → GB,e) collected,2025-11-08 14:39:36,2025-11-18 00:00:00,not_yet_collected
qamJoOsUB5IbIDdxFKik+w==,Road,TW → HU,a) booking requested,2025-11-12 02:57:13,,not_yet_collected
qldloYI7BeHhK9QG188VsQ==,Ocean,TR → GB,a) booking requested,2025-11-08 10:11:54,2025-11-22 00:00:00,in_transit
rKsRbQA92tHgemOHsyXIpA==,Air,GB → GB,a) booking requested,2025-11-04 13:50:39,,not_yet_collected
tBtqdChXzQ8G/Sxb7lgoNw==,Ocean,GB → GB,a) booking requested,2025-11-13 11:53:24,,in_transit
vmX3p3/NiRHmGK8hnOzf0w==,Air,PL → GB,e) collected,2025-11-07 11:46:14,,not_yet_collected
vq054QtJy6pc69qbJoBITA==,Air,PT → GB,e) collected,2025-11-13 08:10:45,,not_yet_collected
1lhVrlG9aGqDV2gYfKOjcg==,Road,TR → GB,e) collected,2025-11-12 17:56:55,2025-11-22 00:00:00,in_transit
1n0Rcm4Kjgh7z0x3c1xzrg==,Road,DE → NO,e) collected,2025-11-18 09:46:09,2025-11-22 00:00:00,in_transit
3T61FJc/YpVqWosNCx5zIA==,Road,GB → GB,a) booking requested,2025-11-15 11:57:19,2025-11-22 00:00:00,not_yet_collected
8BgzgIy0jV5syDdeJLDaKQ==,Air,GB → UNKNOWN,a) booking requested,2025-11-19 14:00:09,2025-11-20 00:00:00,not_yet_collected
9/1qEE6qqIyTyeRA2r3Nqg==,Ocean,CN → US,a) booking requested,2025-11-19 05:47:32,2025-11-15 00:00:00,not_yet_collected
A6vFF/LIGAkrL32SnrF7OQ==,Road,NL → UNKNOWN,e) collected,2025-11-14 11:03:30,,not_yet_collected
B8wQOrjC1iyGTkHXRXSA0w==,Ocean,TR → GB,e) collected,2025-11-19 13:53:04,2025-11-20 00:00:00,not_yet_collected
EFT8Q7sr3X3uB8BPFFIlZw==,Road,GB → US,a) booking requested,2025-11-11 11:21:36,2025-11-22 00:00:00,not_yet_collected
FewCdTfGBWICVz06BU44cA==,Ocean,CH → US,a) booking requested,2025-11-05 14:41:46,2025-11-18 00:00:00,in_transit
G/o4SLmbk4/eIelvxj/o7Q==,Road,US → GB,a) booking requested,2025-11-14 20:18:55,,in_transit
G1OhpuVekOPSNEb8laDljA==,Air,CN → GB,a) booking requested,2025-11-13 09:10:01,,in_transit
GO1YO/h6Lu3hCgvdnTy3bA==,Air,CN → GB,a) booking requested,2025-11-22 11:14:25,2025-11-21 00:00:00,in_transit
I5wXARbrjg0Y/atse8IKaA==,Ocean,NL → GB,e) collected,2025-11-19 14:22:44,2025-11-20 00:00:00,in_transit
INjMvIV5MF3ObgiWAl2cjw==,Road,CH → US,e) collected,2025-11-14 14:22:08,2025-11-18 00:00:00,not_yet_collected
KEyw7h8gnOv6TGuIBPH4WA==,Road,TR → GB,e) collected,2025-11-07 14:02:09,,not_yet_collected
LpwlnmS6R7/iUNtXXvl1PQ==,Air,GB → CH,a) booking requested,2025-11-20 16:30:38,,not_yet_collected
Mn/e25DAzO5gcFiuvryP/A==,Road,NL → UNKNOWN,e) collected,2025-11-13 19:47:57,,not_yet_collected
PkCCqPByErwItKyZcpaYKg==,Road,TR → GB,a) booking requested,2025-11-15 09:54:24,,not_yet_collected
RC4fW8ewE9Q8yNICbjh2KQ==,Ocean,PT → GB,a) booking requested,2025-11-22 06:59:55,,in_transit
RTxDtVkBFqcV2Zq2kQxd7Q==,Air,UNKNOWN → UNKNOWN,a) booking requested,2025-11-07 14:02:09,,not_yet_collected
S6yzov5nnwaHwH4OgF/CXA==,Ocean,TR → GB,e) collected,2025-11-15 09:02:52,2025-11-20 00:00:00,not_yet_collected
T/F0ue1sthywZWqaAm759g==,Air,NL → UNKNOWN,a) booking requested,2025-11-18 07:39:15,2025-11-16 15:15:11,not_yet_collected
W2jQ6y9Qwxj3MNcO697K1A==,Air,GB → PL,e) collected,2025-11-14 10:33:16,,not_yet_collected
YAdeg3vrlKQyQ4/EUdxLDA==,Road,UNKNOWN → US,a) booking requested,2025-11-18 21:46:00,,not_yet_collected
ZRhysJ17R6B3TN3NyvKgLg==,Air,TR → GB,a) booking requested,2025-11-19 14:12:11,2025-11-19 00:00:00,not_yet_collected
c7vxjFxFVjoWSfkC5XcKkQ==,Road,US → GB,a) booking requested,2025-11-07 11:37:29,,in_transit
e4vP3ayLW6KHCQwLVqMIuQ==,Road,GB → UNKNOWN,e) collected,2025-11-06 14:05:57,,in_transit
fOjc3Vux2Y1fKZPEC2G6NA==,Air,KR → GB,a) booking requested,2025-11-19 13:22:03,,in_transit
hLdeCg8SbBNd8n8P1e+L7Q==,Ocean,FR → GB,e) collected,2025-11-20 11:00:19,2025-11-18 00:00:00,not_yet_collected
higgBXyIptbdI9P/ffZkSg==,Air,TR → GB,e) collected,2025-11-13 09:10:57,2025-11-21 00:00:00,not_yet_collected
i4w8XgOmYaG4fCqS8NaKTQ==,Road,HK → GB,a) booking requested,2025-11-13 21:50:49,,not_yet_collected
ovebWG9JDv/W2A5xJsz6XA==,Air,GB → GB,e) collected,2025-11-07 16:51:13,2025-11-18 00:00:00,not_yet_collected
q4q6+gNkO0ukovvvLYaERQ==,Ocean,GB → GB,a) booking requested,2025-11-20 17:19:35,,not_yet_collected
qGP+qrvo2V+ikn214rANqA==,Road,US → GB,a) booking requested,,,in_transit
qOgRplEN2WbsteqLqOCNtQ==,Ocean,GB → HK,a) booking requested,2025-11-18 14:03:09,2025-11-13 00:00:00,in_transit
sPDv7Z9yq26kb8CQVmWC0w==,Air,US → GB,a) booking requested,2025-11-12 11:58:37,2025-11-20 00:00:00,not_yet_collected
t6sOmUavzNhlnrHo5glFsw==,Road,TR → GB,a) booking requested,2025-11-07 16:54:20,,in_transit
wrUq4bENVtZhh1ntUrzcpA==,Road,DE → FR,e) collected,2025-11-06 14:10:36,2025-11-22 12:11:55,not_yet_collected
wruZftjfIVPzW/QDcvGX8A==,Ocean,US → SG,a) booking requested,2025-11-07 17:29:13,2025-11-20 00:00:00,in_transit
z8mvqxtenCqAfrSMlvMuow==,Road,CN → US,e) collected,2025-11-04 13:50:39,,not_yet_collected
/6nc451NdMhqAjhSgmr1cA==,Road,US → GB,e) collected,2025-11-11 14:58:48,,not_yet_collected
1Q6ymUF9SjYX6PRe6abseg==,Ocean,CN → US,e) collected,2025-11-12 16:33:50,,not_yet_collected
77udFPDzkA+fTCWhJTQeCQ==,Road,ES → GB,e) collected,2025-11-04 13:50:39,,not_yet_collected
8WX8pl4nHNR5Nw2ZBIp4pw==,Ocean,GB → UNKNOWN,a) booking requested,2025-11-05 14:19:33,2025-11-19 00:00:00,in_transit
95hW318ZrWjG38hSyhXpdA==,Road,TR → GB,a) booking requested,2025-10-30 06:36:17,2025-11-21 00:00:00,not_yet_collected
BSM6wuFWeV5pnf9sMMuDwg==,Road,CN → US,e) collected,2025-11-06 14:15:13,,not_yet_collected
CwrPTUECEyNgwgpDGwB81g==,Road,TR → GB,a) booking requested,2025-11-19 13:55:38,2025-11-18 00:00:00,not_yet_collected
EIv5YAAa469SIW+I8sfhUw==,Ocean,CN → GB,a) booking requested,2025-11-19 14:36:02,2025-11-20 00:00:00,not_yet_collected
EqNv7dugfAtqH+P7++gdug==,Air,NL → AE,e) collected,2025-11-19 09:58:42,,in_transit
F7svSTesnrD8h87D09BuAA==,Road,IT → GB,a) booking requested,2025-11-12 13:16:43,,not_yet_collected
FscEwzCN8DOZ0mLd/SX+Yg==,Road,FR → US,a) booking requested,2025-11-06 13:15:31,,not_yet_collected
Gs6nOjixEorGma+E5/GBNA==,Ocean,BE → GB,a) booking requested,2025-11-18 10:33:01,,not_yet_collected
MxjurQDaOTkMNIfYR9vf+Q==,Ocean,US → GB,e) collected,2025-11-19 05:15:08,2025-11-21 00:00:00,not_yet_collected
Nzm/yPALaPRiaoDuUG3MyA==,Road,PL → ES,a) booking requested,2025-10-30 13:51:39,,in_transit
OZBYWkGwa80cw+9n69vRAg==,Road,NL → UNKNOWN,a) booking requested,2025-11-21 18:04:31,2025-11-18 00:00:00,in_transit
PGdCeXeeF+VUSQBM1fxLSw==,Road,CN → US,a) booking requested,2025-11-20 17:19:35,,not_yet_collected
PVhDCBCd++WvudbOhKGJdw==,Road,IN → GB,a) booking requested,2025-11-08 15:55:00,,not_yet_collected
S+670bIWTM/Yx79rDwI9RQ==,Road,CN → US,a) booking requested,2025-11-12 15:41:40,2025-11-21 00:00:00,in_transit
SK2VhFTOO1+o7YoqzqAAXQ==,Air,PT → GB,e) collected,2025-11-05 14:32:12,2025-11-22 00:00:00,not_yet_collected
Tfp5G22faXdVgYdBPWLVog==,Road,TR → GB,e) collected,2025-11-14 10:33:16,2025-11-08 00:00:00,not_yet_collected
U7/kBm+xSQOo0Jrv0CoZpg==,Road,NL → UNKNOWN,a) booking requested,2025-11-12 15:15:42,,not_yet_collected
UIgH4F9d2mw4mEw1kUCsNg==,Road,UNKNOWN → UNKNOWN,e) collected,2025-11-12 15:17:09,,not_yet_collected
UMnuqPNUlM+dP2eI3FgUwQ==,Ocean,NL → US,e) collected,2025-11-21 17:28:34,2025-11-19 00:00:00,in_transit
Ue4DS/rx3UZxOqs7fCDppg==,Road,HK → GB,e) collected,2025-11-11 17:48:09,2025-11-22 00:00:00,in_transit
VGkK9OnyGNpLgzI5lkKzFQ==,Air,TR → GB,e) collected,2025-11-15 23:31:59,,in_transit
W/w7j545Pc0cnHl0z+drYQ==,Air,CN → GB,e) collected,2025-11-19 14:14:05,2025-11-18 00:00:00,not_yet_collected
W5mALnMsC4RVWnCiwm60RA==,Ocean,TR → GB,a) booking requested,2025-11-20 16:55:24,2025-11-21 00:00:00,in_transit
aAjk4prZ/MTf4e/QCEzQow==,Road,TR → GB,a) booking requested,2025-11-19 15:41:29,,in_transit
aUAe07VRWLd5ofXWreE6/A==,Road,NL → UNKNOWN,a) booking requested,2025-11-22 06:29:46,,not_yet_collected
bfdxsAKCuQ9O5JGF2/VYxw==,Air,TR → GB,a) booking requested,2025-11-18 10:07:11,2025-11-19 00:00:00,not_yet_collected
cb5ADHm0cKKogfKfFL7wsg==,Ocean,US → GB,a) booking requested,2025-11-21 10:41:12,2025-11-13 00:00:00,in_transit
d1Dv5gOO/IumfZq2dXiRKA==,Ocean,BE → GB,a) booking requested,2025-11-13 09:11:22,,not_yet_collected
fTAGL1sU+roYAy6c69SMWw==,Air,TR → GB,a) booking requested,2025-11-20 17:19:35,2025-11-22 00:00:00,not_yet_collected
hV/GkDpN8MWWmq4l7+zRWw==,Ocean,US → UNKNOWN,e) collected,2025-11-18 08:48:24,,in_transit
iYoJ+hzhLkUG5ZSSbOMd9w==,Road,DE → NO,e) collected,2025-11-21 11:32:24,2025-11-20 00:00:00,in_transit
n49WfuwsLhONxCCC7T438g==,Air,CH → US,e) collected,2025-11-05 14:53:57,2025-11-20 00:00:00,not_yet_collected
ruJtAfIt1WUa6J48QyQGVw==,Road,US → DE,a) booking requested,2025-11-22 10:06:38,,not_yet_collected
s0Rx/R0rJ/S4rvYWLUwWaw==,Road,TR → GB,a) booking requested,2025-11-11 15:28:12,2025-11-22 00:00:00,in_transit
sZGT6Gz4VtQp+7xW/zjRjA==,Air,NL → UNKNOWN,a) booking requested,2025-11-12 13:26:30,,in_transit
v3x3C43YPcaHmPZNXktklg==,Road,NL → UNKNOWN,e) collected,2025-11-11 12:57:41,,not_yet_collected
w6z1+XKPbgz4GaqnC4llDQ==,Road,UNKNOWN → UNKNOWN,a) booking requested,2025-11-13 09:40:15,,in_transit
xdoSf++3epCqWZgBO6/+tg==,Ocean,DE → FR,e) collected,2025-11-14 17:46:48,,in_transit
3UGPZ0+aUAaXCDX0QPABvQ==,Road,NL → UNKNOWN,a) booking requested,2025-11-15 11:47:04,,in_transit
3Z3R3YT434DXqz8PRaC8xw==,Road,CN → US,e) collected,2025-11-06 13:50:46,2025-11-19 00:00:00,not_yet_collected
4s59irGXSirgJGt5VuHX6w==,Road,KR → GB,a) booking requested,2025-11-06 09:47:24,,not_yet_collected
5SmVdiLAeSAhLCl+UeFEPA==,Road,US → US,e) collected,2025-11-20 10:27:52,2025-11-05 00:00:00,not_yet_collected
9H7ViexXTfTl4Wx/Mx3xFQ==,Road,DE → FR,e) collected,2025-11-22 06:43:12,2025-11-12 00:00:00,not_yet_collected
Bc8hJ2R1aDCMzvMdNkym4w==,Ocean,UNKNOWN → US,a) booking requested,2025-10-30 17:22:03,2025-11-22 00:00:00,not_yet_collected
Bkgm/9yBZK81IwdBwf9HBA==,Road,GB → UNKNOWN,a) booking requested,2025-11-07 09:55:44,2025-11-18 00:00:00,not_yet_collected
BvSjx4ocZWJ3oBSkYbOMow==,Air,DE → FR,a) booking requested,2025-11-06 13:12:27,,not_yet_collected
Db4Eke9XgdgCAnr03vdnIg==,Air,US → GB,a) booking requested,2025-11-21 15:37:41,,not_yet_collected
IS2AyA4RoN0Q1V67GPEjEA==,Road,US → GB,a) booking requested,2025-11-12 15:44:04,2025-11-20 00:00:00,not_yet_collected
JrNIvBO5MjcscxXWIK88XA==,Road,GB → GB,a) booking requested,2025-11-14 10:33:16,,not_yet_collected
MRF+B5GfYXVRXmWVV6eCgQ==,Road,GB → UNKNOWN,a) booking requested,2025-11-12 13:11:17,,not_yet_collected
N+riFKtTNCm/DKaJZt/Ycg==,Air,NL → UNKNOWN,a) booking requested,2025-11-21 06:38:32,2025-11-20 00:00:00,in_transit
NC/djLzpiR+rSPndhhwLsw==,Air,NL → PL,e) collected,2025-11-08 12:45:38,,not_yet_collected
NEqbZAJmYYuhHWOaPfLXhw==,Road,DE → DE,a) booking requested,2025-11-19 13:18:09,,not_yet_collected
TQx2HZroAwlQn9htd/FF9w==,Ocean,TR → GB,a) booking requested,2025-11-06 13:12:27,,in_transit
TzEXzKuRgPnQ26Aeh/Xarg==,Ocean,CN → CA,a) booking requested,2025-11-19 15:24:06,2025-11-21 00:00:00,in_transit
W2xvsurcB6gHcIRCqYtbXg==,Air,CN → GB,e) collected,2025-11-15 17:24:51,,not_yet_collected
XnuHjut+R1Wurw5I+jlPJg==,Road,GB → DE,e) collected,2025-11-21 12:41:02,,in_transit
YXVEn5M6wNgkd1kl83Uyeg==,Air,US → FR,a) booking requested,2025-11-05 14:40:42,,not_yet_collected
aAsYnCWGW6pDmTTp0pWjsQ==,Air,CN → UNKNOWN,e) collected,2025-11-20 21:53:49,,not_yet_collected
axKbFYo+CAUWDlDQj1UYdQ==,Road,TR → GB,e) collected,2025-11-20 16:43:49,,not_yet_collected
cfgnRmPzqOL3zE7RPva+zA==,Ocean,GB → GB,a) booking requested,2025-11-04 13:50:39,2025-11-20 00:00:00,in_transit
e1PsfYORSsufG7/KDdEZiw==,Air,GB → PL,a) booking requested,2025-11-07 18:19:23,2025-11-20 00:00:00,in_transit
idNKFtY6g8YZbjycPs5ocw==,Road,US → GB,e) collected,2025-11-19 13:19:25,,in_transit
kegpnprHOOsDpa7ch7wzuQ==,Road,TR → GB,a) booking requested,2025-11-05 12:59:44,2025-11-20 17:40:45,not_yet_collected
opMY6u20fiAYxcPMhNQQQw==,Road,GB → GB,e) collected,2025-11-06 13:38:33,2025-11-12 00:00:00,not_yet_collected
pNOXVIjTKV2DSITTz7I7ig==,Air,DE → CA,e) collected,2025-11-21 15:37:41,2025-11-22 00:00:00,in_transit
pus0RQf++kwtfIvSrQcVsA==,Road,CN → US,e) collected,2025-11-14 17:05:13,2025-11-20 00:00:00,not_yet_collected
qTa/X483dZ44CzULyXpupg==,Air,TR → GB,a) booking requested,2025-11-06 14:17:24,2025-11-21 00:00:00,in_transit
s+AOlF2Pds5PFqVpq8p8vA==,Air,TR → GB,e) collected,2025-11-12 18:03:06,,in_transit
sVz56+mNPHi26v74lM2D9w==,Air,FR → GB,a) booking requested,2025-11-11 06:20:17,,not_yet_collected
tf4AQEzTMSl52olg/7/KOQ==,Air,CN → CA,a) booking requested,2025-11-18 23:59:16,,in_transit
vjUj/pZkUQqMuWqTFXVdDQ==,Ocean,CN → US,e) collected,2025-11-11 10:01:58,2025-11-20 00:00:00,in_transit
w9c7EAFoIHsn2qOCVFh09g==,Air,DE → GB,e) collected,2025-11-20 05:51:46,2025-11-21 17:54:41,not_yet_collected
wXq7bcz5RxeJ451P/ElbrQ==,Road,AE → NL,a) booking requested,2025-11-20 17:19:35,,not_yet_collected
whM9r0p1olp0lhPQYUUEnA==,Air,GB → UNKNOWN,a) booking requested,2025-11-21 15:55:45,,not_yet_collected
x9zllfmjmcKsycDiLZ4goQ==,Air,CN → GB,a) booking requested,2025-11-19 10:11:30,,not_yet_collected
2eijGOjgihzvZXOt6zPR4A==,Air,GB → UNKNOWN,a) booking requested,2025-11-15 10:41:15,,not_yet_collected
50CaBDohPPJL3QW9Og2SxA==,Ocean,DE → FR,e) collected,2025-11-15 10:54:12,2025-11-13 00:00:00,in_transit
6kh6Crqd4mnpFqy4cicOpw==,Road,TR → GB,a) booking requested,2025-11-22 03:56:29,,in_transit
7QeVByfsKP3kcmZAqyWq0w==,Air,GB → IT,e) collected,2025-11-19 08:02:19,2025-11-20 00:00:00,in_transit
8C/yRwZf8RzRLBOQyf5I9A==,Ocean,CA → DE,e) collected,2025-11-05 14:43:05,2025-11-20 13:43:41,in_transit
8ko+iJGDaz90c+yzBeccGw==,Road,US → NL,a) booking requested,2025-11-21 07:18:33,,in_transit
B/uqGfKNty7bkkUInBwbjA==,Air,DK → NL,a) booking requested,2025-11-09 14:34:50,,not_yet_collected
F3sq0TSK4fecsb9cKjtcWw==,Road,US → GB,e) collected,2025-11-11 10:01:58,2025-11-18 00:00:00,in_transit
IdKCwHIOu5V1K3GuZYtZzA==,Air,TR → GB,e) collected,2025-11-06 13:48:31,2025-11-18 00:00:00,not_yet_collected
JeJDCwWf5jUkHvNMay5nVg==,Ocean,GB → GB,e) collected,2025-11-20 17:19:35,2025-11-20 00:00:00,not_yet_collected
JgNMALO1t1in5SHgUVhNEg==,Air,IT → NL,e) collected,2025-11-20 12:22:16,2025-11-18 00:00:00,not_yet_collected
Lw7tOC8+H0oFjhwFQlb8Sg==,Road,CN → NL,e) collected,2025-11-20 22:03:49,2025-11-19 00:00:00,in_transit
M0M5wukliV6nWPqkq//Jvg==,Ocean,CN → GB,a) booking requested,2025-11-21 10:46:42,,in_transit
OYQEywK8uGUpHysFtLKSrQ==,Road,TR → GB,e) collected,2025-11-06 12:43:26,2025-11-18 00:00:00,in_transit
PcF9KOekzpe9rpC1FaNvGg==,Road,TR → GB,e) collected,2025-11-14 17:05:13,2025-11-18 00:00:00,not_yet_collected
RYFfGTWeo0gNr08NOhSpQg==,Ocean,TR → GB,a) booking requested,2025-11-21 23:34:15,,not_yet_collected
TXQHC94rgSRTWyaybRdOLg==,Road,HK → US,e) collected,2025-11-21 02:09:03,2025-11-20 00:00:00,in_transit
X295Tz0blruoxsD236Y4SA==,Ocean,US → GB,e) collected,2025-11-11 06:20:17,2025-11-18 00:00:00,not_yet_collected
XDOa/TKjEECgznyYsL5v5g==,Ocean,TR → GB,a) booking requested,2025-11-22 02:45:02,,in_transit
Xa02HHAKNPALNXW38F+JzQ==,Air,NL → UNKNOWN,a) booking requested,2025-11-11 20:37:32,,in_transit
XaiG+HGn2zPmNt/aNuUxsA==,Road,DK → GB,e) collected,2025-11-11 16:37:04,2025-11-20 00:00:00,not_yet_collected
ZswmRfG/fLX2Kwkpyy6Tzw==,Road,US → US,a) booking requested,2025-11-11 10:01:58,,in_transit
bGLM/FqpE60T7FTEyuU1+w==,Ocean,GB → GB,a) booking requested,2025-11-19 09:48:52,,not_yet_collected
cqV+ojkS4KSqurW/JX7TIw==,Road,FR → GB,e) collected,2025-11-19 07:01:35,2025-11-22 09:19:01,not_yet_collected
g8j9aazOc1U0TBgT9vCgqQ==,Ocean,TR → GB,a) booking requested,2025-11-01 08:25:26,,in_transit
j5Ek+55WZ2+g39qgrHh6Eg==,Road,TR → GB,a) booking requested,2025-11-05 14:54:40,,in_transit
jwKBeyf6za7CxSecD7Jhjg==,Air,TR → GB,e) collected,2025-11-13 12:01:13,2025-11-22 00:00:00,in_transit
oAoMtd09osQLN0dyhh+HyQ==,Road,HK → GB,a) booking requested,2025-11-20 13:49:00,,not_yet_collected
oYrELUE+gWrQBVvQmGt6GQ==,Road,FR → GB,e) collected,2025-11-18 17:03:00,2025-11-21 11:09:12,not_yet_collected
u9pX8rap8IUXbJFju2c2VQ==,Road,DE → FR,e) collected,2025-11-18 03:25:29,2025-11-20 00:00:00,in_transit
ujudLV0l/MHnyt322IQshg==,Air,CN → CA,a) booking requested,2025-11-06 13:35:14,,in_transit
veh00Vcdm1J3838Pjo/YkQ==,Ocean,GB → UNKNOWN,e) collected,2025-11-22 12:02:16,2025-11-22 00:00:00,not_yet_collected
xRStNRjNKDVzHCjIalpNqg==,Ocean,CH → US,e) collected,2025-11-19 10:17:47,2025-11-19 00:00:00,not_yet_collected
xYZ3pFGE3GxDsEwYmecc7Q==,Air,GB → BH,e) collected,2025-11-11 08:34:08,2025-11-08 00:00:00,in_transit
yoSYsu0xAP2uZKZAofRNhg==,Air,IT → GB,a) booking requested,2025-11-06 14:05:57,,not_yet_collected
