cargo_id,trade_lane,mode_of_transport,actual_lead_time_days,estimated_lead_time_days,lead_time_deviation_days,performance_bucket,is_on_time
jJQXorDtqg7L30mQUJ74OA==,ES → GB,Road,5,5,0,on_time,true
jJQXorDtqg7L30mQUJ74OA==,PL → IT,Road,1,3,-2,faster_than_estimated,true
hsdm0nR4DGa8eN2Ld6hC7g==,GB → GB,Road,0,0,0,on_time,true
WknXra8oJM9NO28GyEP1mw==,PL → FR,Road,-3648,2,-3650,faster_than_estimated,true
tYy4SnlWakTamPRDd+WRGg==,GB → GB,Road,-3650,0,-3650,faster_than_estimated,true
s7eqiQ9slQO+ADHqOpRr0Q==,GB → GB,Road,-3650,0,-3650,faster_than_estimated,true
VNcLZIQJHFPpOvlwSpARKA==,GB → GB,Road,-3650,0,-3650,faster_than_estimated,true
XWxfyEeHOKhIPyfOMQRQCQ==,IT → NL,Road,-3646,4,-3650,faster_than_estimated,true
ygl5aTZPYBwjFcFfYb0AuQ==,IT → NL,Road,-3646,4,-3650,faster_than_estimated,true
NdPHj5aGWsxQZ1oLXr8PhQ==,IT → NL,Road,-3646,4,-3650,faster_than_estimated,true
JpPKTmczkQ8FcozrsB8hiw==,IT → NL,Road,-3646,4,-3650,faster_than_estimated,true
bqJY4sBWvkdr1n9oMZ5l2A==,GB → GB,Road,-3650,0,-3650,faster_than_estimated,true
q2VxbWKp8GPONWtm+LWNYQ==,GB → GB,Road,-3650,0,-3650,faster_than_estimated,true
q7GrN/Cgpj7iGndG+Nr9tw==,GB → GB,Road,-3649,1,-3650,faster_than_estimated,true
H6KUKgESxjSsq0SgR3bpCw==,GB → GB,Road,-3650,0,-3650,faster_than_estimated,true
OAkOBseGdDNNKran0+O9lg==,MX → US,Road,-3647,4,-3651,faster_than_estimated,true
1H2btqkeXSh8cvW9m1fYlw==,US → US,Road,-3646,4,-3650,faster_than_estimated,true
nANZCWt7/Askt23k5HHHgQ==,PT → GB,Road,-3639,11,-3650,faster_than_estimated,true
ZifPBwh9twGY07fNXIovlg==,US → GB,Air,-3646,4,-3650,faster_than_estimated,true
lxvK2LW1kzNFjZpxLwhiPQ==,US → GB,Air,-3646,4,-3650,faster_than_estimated,true
e9CpFc2HlfryrTXCvZn7tw==,US → GB,Air,-3644,6,-3650,faster_than_estimated,true
rUkwPPbhqW2OZgxKZbyU4g==,US → GB,Air,-3642,8,-3650,faster_than_estimated,true
sKfOd+ziFLV39MBlNriEZQ==,US → GB,Air,-3642,8,-3650,faster_than_estimated,true
cJdHXY6jQH2ykdlK7yWORA==,US → GB,Air,-3642,8,-3650,faster_than_estimated,true
scNW4pZSLc2bh3/b/0bzbQ==,US → PL,Air,-3638,12,-3650,faster_than_estimated,true
wy81CHSDJ0OycmYAngEE7Q==,US → GB,Air,-3634,16,-3650,faster_than_estimated,true
Q36QH1irJ0kicJI/ZB4uww==,VN → GB,Air,-3643,7,-3650,faster_than_estimated,true
z1088cO/g22o5a28TPuWJw==,PT → GB,Road,-3643,7,-3650,faster_than_estimated,true
cjkFTCykietTxMaH9r0xwQ==,NL → GB,Road,-3648,2,-3650,faster_than_estimated,true
mOGIsOVm+doVx3OmxZVTig==,IT → NL,Road,-3646,0,-3646,faster_than_estimated,true
nrjzLxEllEtJNvEC/wgijg==,IT → NL,Road,-3646,0,-3646,faster_than_estimated,true
sFXxtiYa2tnNkZKfSXDOzg==,IT → NL,Road,-3646,0,-3646,faster_than_estimated,true
XMke45P18Gi/GkD1rq0+Ng==,PL → GB,Road,-3647,3,-3650,faster_than_estimated,true
YW0knh152IsBlTMkl4+ypA==,PL → GB,Road,-3647,3,-3650,faster_than_estimated,true
lYVwwgpRw/bMqvgO8ayLZA==,TR → GB,Road,-3650,0,-3650,faster_than_estimated,true
Raz7Mh4LWy81FHtB3Sr1tQ==,TR → GB,Road,-3650,0,-3650,faster_than_estimated,true
cy7ZdG4S1700uKlJBLb8fg==,TR → GB,Road,-3650,0,-3650,faster_than_estimated,true
uWN4ytuWhILpwWC1JtsbPQ==,TR → GB,Road,-3650,0,-3650,faster_than_estimated,true
i5a25yQHJU+p/Spz0Vl77A==,TR → GB,Road,-3650,0,-3650,faster_than_estimated,true
BfaEAsq1JWOG5n87p1ipWQ==,TR → GB,Road,-3650,0,-3650,faster_than_estimated,true
ZmltrzVpxxlflLNdMitgLQ==,GB → GB,Road,-3650,0,-3650,faster_than_estimated,true
Rg+RvOgYFDExDAB0SvB1dA==,GB → GB,Road,-3647,3,-3650,faster_than_estimated,true
sPjmY7BALVetnehFQ093EA==,GB → GB,Road,-3650,0,-3650,faster_than_estimated,true
VNwr2jWOo/d31S79bS1rsA==,GB → GB,Road,-3650,0,-3650,faster_than_estimated,true
53ZutazlJ9Fl6fYwFPMEXQ==,GB → GB,Road,-3650,0,-3650,faster_than_estimated,true
XG148aNzZj4JthlC9jKgEQ==,TR → GB,Road,-3650,0,-3650,faster_than_estimated,true
gh66YU24NBAYstyuaJfbpQ==,TR → GB,Road,-3650,0,-3650,faster_than_estimated,true
zjV5pdZP6fXYVqGa5M3fqQ==,TR → GB,Road,-3650,0,-3650,faster_than_estimated,true
DcVzFcPwmkVSXsMqY2W+Xw==,GB → GB,Road,-3650,0,-3650,faster_than_estimated,true
v4F0u6E+G4802V8argsirQ==,GB → GB,Road,-3650,0,-3650,faster_than_estimated,true
srMHWAAz2wp13T29gcYjUg==,GB → GB,Road,-3650,0,-3650,faster_than_estimated,true
g8qy/5z386338gMwVI1/Rw==,GB → GB,Road,-3647,3,-3650,faster_than_estimated,true
uquJl4YD8idJdJcUF6cKGg==,GB → GB,Road,-3647,3,-3650,faster_than_estimated,true
6GnjTu6WoVDdjfFLZLsELg==,TR → GB,Road,-3650,0,-3650,faster_than_estimated,true
8IXPEu56/ehyPLx3e2o38w==,TR → GB,Road,-3650,0,-3650,faster_than_estimated,true
hWJN+IZQyoQ43ovlFYq8Dg==,TR → GB,Road,-3650,0,-3650,faster_than_estimated,true
YjZPQxd6qJMuI3PY/pH+aA==,GB → IT,Road,-3646,5,-3651,faster_than_estimated,true
qXcRNECd6dajAVkREPh9lA==,GB → US,Air,-3638,13,-3651,faster_than_estimated,true
OD1Asw53UQ7ONvm28ppggA==,US → GB,Air,-3640,10,-3650,faster_than_estimated,true
rOGjf6XFAzNoyJSAy3irtQ==,US → GB,Air,-3640,10,-3650,faster_than_estimated,true
OcF18QRg6UassRKRXRkTzw==,PT → GB,Road,-3640,11,-3651,faster_than_estimated,true
p/Ly6lkGTHhDDqp6jrvRKQ==,US → GB,Air,-3637,13,-3650,faster_than_estimated,true
jHMG2r1scX4deDYagE44TA==,IT → GB,Road,-3642,8,-3650,faster_than_estimated,true
lqZ3W4m0KZmz1b97FR2jgg==,PL → GB,Road,-3640,10,-3650,faster_than_estimated,true
Jv4xQu3KAMC9zgwv8MG7Ow==,FR → GB,Road,-3646,4,-3650,faster_than_estimated,true
xNhEqF9EseusbXhzHf7tyg==,IT → GB,Road,-3641,9,-3650,faster_than_estimated,true
eO7cxNVkqj18FjV2ugjovQ==,SE → GB,Road,-3641,9,-3650,faster_than_estimated,true
j3xhUZ2QRlgATG/Xl7r6RQ==,SE → GB,Road,-3641,9,-3650,faster_than_estimated,true
QFwwq5vYW+SnVZiBI3oIXA==,DE → CA,Air,-3640,10,-3650,faster_than_estimated,true
K7/7arAcj1Oruc/tREXauw==,DE → DE,Road,-3647,0,-3647,faster_than_estimated,true
QF+2rGuP/XyJhAaRNPJoLQ==,DE → DE,Road,-3647,0,-3647,faster_than_estimated,true
PAO5chW2oTUlu2cF55kPJA==,DE → DE,Road,-3647,0,-3647,faster_than_estimated,true
jlFuNe7Dkk9Xkxrxi9esFA==,DE → FR,Road,-3644,3,-3647,faster_than_estimated,true
vKhvNI6jcpgwcYhLkpDftA==,DE → FR,Road,-3644,3,-3647,faster_than_estimated,true
Ye7pdzTG8bBfEuNJgKd8ag==,DE → FR,Road,-3644,3,-3647,faster_than_estimated,true
olrXPnPD53hv+lJ5BXMiuA==,GB → GB,Road,-3650,0,-3650,faster_than_estimated,true
FdrWf01YxcJeF34BJPcDCA==,CN → CA,Air,-3640,10,-3650,faster_than_estimated,true
aLGORnji6FLmA9/SbJenPA==,CN → GB,Air,-3641,9,-3650,faster_than_estimated,true
0gQVpqRbrLxA9k+QspnC7A==,CN → US,Air,-3639,11,-3650,faster_than_estimated,true
PyyRokTwl/rekLUd4+/RMA==,CN → NL,Air,-3643,7,-3650,faster_than_estimated,true
X+5xZEwlTv4C3ZvoHw1Lzw==,CN → US,Air,-3641,9,-3650,faster_than_estimated,true
z8eiOl1bR5glRs6Vn5eESw==,GB → GB,Road,-3649,1,-3650,faster_than_estimated,true
VUplkXBwnz7PsJJwnjLkuw==,GB → GB,Road,-3649,1,-3650,faster_than_estimated,true
KHGR1ycz1DTjT9IR2Yyj9A==,GB → GB,Road,-3649,1,-3650,faster_than_estimated,true
wCiP2NU6MX184jAU4WY6dQ==,GB → GB,Road,-3649,1,-3650,faster_than_estimated,true
ZIjFeM8I1YSphXFoaNrnhw==,GB → GB,Road,-3649,1,-3650,faster_than_estimated,true
G117wcBMQQFTygqKx1KGdw==,US → US,Road,-3648,2,-3650,faster_than_estimated,true
obnTRhmoCbyrVD2IzfWvtg==,US → CA,Road,-3647,1,-3648,faster_than_estimated,true
ProE99dkS/1oBM3sgtyY5g==,CN → US,Air,-3639,14,-3653,faster_than_estimated,true
HMWCyPPBWO4HgJFBu94klw==,NL → IT,Road,2,2,0,on_time,true
NyuQo1HuI8cR0ut/wMrJ8A==,GB → GB,Road,0,0,0,on_time,true
QIzAOb6x1a93HB/OgviTww==,ES → RO,Road,0,5,-5,faster_than_estimated,true
RwdJln9bfGS6GVVJeunENA==,ES → PL,Road,6,6,0,on_time,true
0I6u9C/U7ZRJS9ebatBJCg==,ES → PL,Road,6,6,0,on_time,true
DYXFyN9HD8xj91m0TYmvnw==,ES → GB,Road,4,5,-1,faster_than_estimated,true
OseZv/Lrm0rlDZZ4rR4hAg==,PL → ES,Road,4,5,-1,faster_than_estimated,true
9AbnKVTrGXo4apQQgJXh8A==,ES → GB,Road,4,5,-1,faster_than_estimated,true
FkkYZS0IJIlXdCuaTOilng==,ES → GB,Road,5,5,0,on_time,true
1f6IGzhi9FJ5zyQdNZLU5w==,NL → DE,Road,1,1,0,on_time,true
uxEHmSXvJXOjkkOV+JPtNg==,NL → DE,Road,1,1,0,on_time,true
ETY9u33BCmJecM/nJbBtcg==,GB → GB,Road,0,0,0,on_time,true
O9y8Pus4oxzNd5uOeI7dYw==,GB → GB,Road,0,0,0,on_time,true
T8vSQSoMinqXX+Ix3heiRQ==,GB → GB,Road,0,0,0,on_time,true
8WwTQcHylsYApACHE7agQQ==,PL → IT,Road,1,1,0,on_time,true
p+0QjtA8J4wMqSHgVfCzEw==,PL → IT,Road,1,1,0,on_time,true
BUnpE0w0+d55ThmrBhneBw==,PL → IT,Road,1,1,0,on_time,true
gN9Eb146Dz5zKEXi2n24OA==,PL → IT,Road,1,1,0,on_time,true
KTgzUdbmkJyVpilzgn1ePQ==,PL → IT,Road,3,3,0,on_time,true
7RpFrIVr1E3en510etYPJQ==,PL → NL,Road,1,1,0,on_time,true
euoeXkJlZ6xWQ31HBxE0nA==,PL → NL,Road,1,1,0,on_time,true
F1HlvIlfHTHGRAn4kQXoPg==,PL → NL,Road,1,1,0,on_time,true
inj596JLrQKwLhdO+ocKPw==,PL → NL,Road,1,1,0,on_time,true
bAuKtrHlJwG15pOUsXCfng==,PL → FR,Road,1,1,0,on_time,true
LCPQsGeltxvimKbXaWH47w==,PL → FR,Road,1,1,0,on_time,true
TdZ0YCeRxP7Wzeh88P0UtA==,PL → NL,Road,3,3,0,on_time,true
miCeF9ZhD1BwFMev+AwwXQ==,PL → FR,Road,1,1,0,on_time,true
c7LDgCfcxfZVxZOsIXsejw==,PL → FR,Road,1,1,0,on_time,true
7DI5Yudop4nNvf+4fqEOHg==,PL → FR,Road,2,2,0,on_time,true
qQ+5jYJb9k5QzF7ZbooM3g==,PL → FR,Road,2,2,0,on_time,true
ejJk5J6c7jtz/JKwLz7yaQ==,PL → ES,Road,3,3,0,on_time,true
zo3vLW1cPQNl74LG6/pbHA==,PL → IE,Road,5,5,0,on_time,true
ivRnxgF89IbZnLvmbnhVHg==,PL → ES,Road,2,2,0,on_time,true
1BVauByuolWgrqU2r5Nsqg==,PL → IE,Road,4,4,0,on_time,true
brS3jgYvj9CX0Fzd3/h/yg==,PL → IE,Road,4,4,0,on_time,true
Ei2qg4cdQ14oy0P1+kwXqw==,PL → ES,Road,2,2,0,on_time,true
xnNrHHxE+snMYyA5f9Bowg==,PL → ES,Road,2,2,0,on_time,true
HHEXrEKEbYlh2wS3HTVYRA==,PL → ES,Road,3,4,-1,faster_than_estimated,true
9NRt+OY8uMDHKIUPjffipw==,NL → PL,Road,1,1,0,on_time,true
wwXg2YjYT1NJuATYvc32Ag==,GB → GB,Road,0,0,0,on_time,true
zLIbi5vM2mzaRy6kJO87hg==,GB → GB,Road,0,0,0,on_time,true
Xuei6laV2W58mCE/TSoIyg==,PL → GB,Road,6,7,-1,faster_than_estimated,true
8mjIdxcYv9WYD/5KPY4gtg==,GB → PL,Road,4,4,0,on_time,true
J8dvhqNwdImg6J6SWEbntQ==,GB → GB,Road,0,0,0,on_time,true
d2+3Rqi7Y8hAz7bhZmlbsA==,GB → GB,Road,0,0,0,on_time,true
PgXsCU3KkE1ZLyJmoPw8Mg==,PL → PL,Road,1,1,0,on_time,true
xHNeQS77nRb8BR5EvnoF4Q==,GB → GB,Road,0,0,0,on_time,true
7t5ayOih7pSE3Z0D+R2n4w==,GB → GB,Road,0,0,0,on_time,true
RecJz65p5aqwktVmkwqN/g==,BE → GB,Road,4,4,0,on_time,true
i5UhnxAXpOSlL4pYVcCzHw==,BE → GB,Road,4,4,0,on_time,true
zf9IjDEVcWpq9TvCXbJrjw==,PL → ES,Road,3,3,0,on_time,true
QtcMXLrgpHAvk9Ucrc1tMg==,PL → ES,Road,3,3,0,on_time,true
gNi8yOUvo2Fc2H7wYOus0w==,PL → DK,Road,1,1,0,on_time,true
B/aXj2t+o6Z907nEJkfKQA==,PL → DK,Road,1,1,0,on_time,true
FM3ODk6Bd2LZbj6FABB7JA==,PL → DK,Road,1,1,0,on_time,true
Rh5tKHa0oq6Af7I+5y/XHQ==,PL → DK,Road,1,1,0,on_time,true
hRtFZlnJ69DMmBPK5WEJlw==,GB → GB,Road,0,0,0,on_time,true
JUharcWKY7AvGUI9rZML/g==,PL → FR,Road,1,1,0,on_time,true
gMjEa6sk1ZsDLwpqkWD+Bw==,GB → GB,Road,0,0,0,on_time,true
ljEQnlH1myQwd2ZvvTu8ng==,PL → IE,Road,6,6,0,on_time,true
yjNYb6zvYmM96U+Ge8nTfg==,PL → IE,Road,6,6,0,on_time,true
BZ0zjqxJ2Ba+S96Faujf3w==,PL → FR,Road,3,3,0,on_time,true
ZFYuGG4CTHar2yMyK8WO8w==,PL → FR,Road,1,1,0,on_time,true
NSKJM5z7oASa4Zof6fi3Aw==,PL → ES,Road,3,3,0,on_time,true
QqwK3c2Tf/vQ8lbiRvRK6w==,PL → ES,Road,2,2,0,on_time,true
qEhL7c6pdYyNmdvgDa55OQ==,PL → IE,Road,7,7,0,on_time,true
/ZjVql9Rc0n5zhI/TMfp1w==,PL → ES,Road,2,2,0,on_time,true
3QJ0k25G9U2WZVDEBrFKwg==,PL → DE,Road,3,3,0,on_time,true
6lmrrk4XFuNkL021Uh5cnA==,PL → NL,Road,1,1,0,on_time,true
UQ1rPPGmlMqizLkPkFgxew==,PL → NL,Road,1,1,0,on_time,true
i5q/Ht+nw6B4rbdDZ/T5aw==,PL → NL,Road,1,1,0,on_time,true
HWB8L4Gov12tyBCEEarkeg==,PL → IT,Road,1,1,0,on_time,true
FO28Y8YvOZqprKnyfZU26g==,PL → IT,Road,1,1,0,on_time,true
QUd2yVsCNLjdfwJLARgLbQ==,PL → IT,Road,1,1,0,on_time,true
4AxqtwemhzsqWGY3sNPviA==,PL → FR,Road,1,1,0,on_time,true
hcN8jKmruj/Bl2fVPzilrw==,PL → FR,Road,1,1,0,on_time,true
eXWjO8lTUekLL+pb+yW/cQ==,PL → FR,Road,2,1,1,slower_than_estimated,false
Rc3Yf5cwSUT1oCbORE7mVQ==,GB → GB,Road,0,0,0,on_time,true
jEAxniibiCkG1A/yq0/3mQ==,GB → GB,Road,0,0,0,on_time,true
PzuHsol9PYFUPVvsFmmlRg==,IT → NL,Road,3,3,0,on_time,true
TEVMBt53ZOYUAD5cgxIxWA==,TR → GB,Road,10,10,0,on_time,true
SHTUvMwP8u6P1cXg/ATOCw==,TR → GB,Road,11,10,1,slower_than_estimated,false
AN065wmYnAdbhaKyZaZdlg==,TR → GB,Road,10,11,-1,faster_than_estimated,true
QfZvxkfTkTKVGk9J+gNuDg==,GB → US,Air,2,2,0,on_time,true
grkh0K6YRFxZZ9SDfiUnxA==,GB → US,Air,5,5,0,on_time,true
vfgfYvQRjT9jybxFmpGhgw==,GB → US,Air,5,5,0,on_time,true
QKRHVacKGktCKVvrUuBB0w==,IT → GB,Road,2,2,0,on_time,true
tKAY0gbU3r0YVkI0ootniA==,IT → GB,Road,2,2,0,on_time,true
K7fbjEf9JgZYIkSnhb9AYQ==,GB → GB,Road,0,0,0,on_time,true
VUZqXkXEYTla001VGcHlLg==,GB → GB,Road,0,0,0,on_time,true
DedNoQCvQpW8qo+2hBfawQ==,GB → GB,Road,1,1,0,on_time,true
AQEqPgV8DyD6v3lQC9uhwQ==,GB → US,Air,6,6,0,on_time,true
bUG6kfupNT+aYK1PjZTlRQ==,GB → GB,Road,4,4,0,on_time,true
zENJiVtW4GtLkNafjKn0MQ==,IT → NL,Road,1,1,0,on_time,true
ZnZRNpOuHe7/Q55wecEz1Q==,US → CA,Road,1,1,0,on_time,true
sFJAswG4CXQr8q6zUwvfMw==,DE → GB,Road,2,3,-1,faster_than_estimated,true
1ukoohFdcO5UMkfwozRL7Q==,DE → DE,Road,0,0,0,on_time,true
o5quKn9V7xGPdYLu0Xl4cw==,ES → GB,Road,5,5,0,on_time,true
g2hdd8bpqQbutckmSJVJLA==,GB → GB,Road,0,0,0,on_time,true
b7XU9r6soBKQSRsVGqm2Xw==,GB → GB,Road,0,0,0,on_time,true
rHfSurDUYcbcMqJuPultlg==,GB → GB,Road,0,0,0,on_time,true
fdIzJ8UYGNxwRhBc+E3UXQ==,GB → GB,Road,0,0,0,on_time,true
SslX83i0Rtv7Dqv+/UqtTA==,GB → GB,Road,0,0,0,on_time,true
BVHil1S/v2ps1UNhmUz4wQ==,GB → GB,Road,0,0,0,on_time,true
ZfLl2puPoz232Uh/YGjttw==,GB → GB,Road,0,0,0,on_time,true
vXN1cENSM91uoLwATWJgSg==,GB → GB,Road,0,0,0,on_time,true
lK/LFemNvYrs6f70ZE6Hhw==,GB → GB,Road,0,0,0,on_time,true
pbhEeVC5o92M5iCzNFwakg==,GB → GB,Road,0,0,0,on_time,true
0tWKXboKZ8BwgJ+KD6q0Yg==,GB → GB,Road,0,0,0,on_time,true
sPZx+ha/+zKJGy3tBI7WPw==,GB → GB,Road,0,0,0,on_time,true
1l7QLRDEgfB1qvBr233USQ==,GB → GB,Road,0,0,0,on_time,true
fLXwkBhz6YbGOWEoxviaMg==,GB → GB,Road,0,0,0,on_time,true
zxl28IAyOCgG+VUw4uk6Bw==,GB → GB,Road,0,0,0,on_time,true
2J38p0aEWbH4edvAG5RIDQ==,GB → GB,Road,0,0,0,on_time,true
OUnyiIWvXOAvEJtzVDXa6A==,GB → GB,Road,0,0,0,on_time,true
0QnKhII3X2FPQjt2bjfSHw==,GB → GB,Road,0,0,0,on_time,true
l04tS1wJt2SIWpjghbwenQ==,GB → GB,Road,0,0,0,on_time,true
ghrLMHI9n90EuDUH4YX6/Q==,GB → GB,Road,0,0,0,on_time,true
1T7clZh3PgtKtCq+qbuUyg==,GB → GB,Road,0,0,0,on_time,true
b3EHAHFs6axQAu0lTH0Vow==,GB → GB,Road,0,0,0,on_time,true
hiI8K2zcneQB0Q+R0r/ekg==,GB → GB,Road,0,0,0,on_time,true
drIw+9vaK3X+S0RK8BgIEA==,GB → GB,Road,0,0,0,on_time,true
ljqCYqkeaqCnAF+NFaV5Cg==,GB → GB,Road,0,0,0,on_time,true
Xl0Ijn4R+rkYk2+whN/6nQ==,GB → GB,Road,0,0,0,on_time,true
abrXa6vvxQ+ZEq9XELCCeQ==,GB → GB,Road,0,0,0,on_time,true
bbOerTILob9jK5JLbsyvKg==,US → GB,Air,10,10,0,on_time,true
BoUPo3CVMOWa33O0lKPAAQ==,GB → GB,Road,0,0,0,on_time,true
Y5H/Ya++Dyw7XcHOckdIrA==,GB → GB,Road,0,0,0,on_time,true
j4Ug5smxk2c5PChgAaD7dA==,GB → GB,Road,0,0,0,on_time,true
a2kO7XBqkVv/XREBz9kV4A==,GB → GB,Road,0,0,0,on_time,true
SCFxviEQvsN1AMPmog7UgQ==,GB → GB,Road,0,0,0,on_time,true
ElbN9K4B+5oZMWp3+4ZjnQ==,GB → GB,Road,0,0,0,on_time,true
Ifmk/3dCuAXEIoubuxPMOQ==,US → GB,Air,8,8,0,on_time,true
9xUrslLXQaXb6xvDtAxWEg==,GB → GB,Road,0,0,0,on_time,true
5mmabMJcD+TMRv947Xf6+g==,GB → GB,Road,0,0,0,on_time,true
8jgwJnXl7NAAgOxLi27nvQ==,GB → GB,Road,0,0,0,on_time,true
Q0+7Ku3nefABXGnWVq3q5Q==,GB → GB,Road,0,0,0,on_time,true
lVvGb/QX5TfkgCT+HUsJ/Q==,GB → GB,Road,0,0,0,on_time,true
B+kI0t71aJMSg7Tzratyvw==,GB → GB,Road,0,0,0,on_time,true
RMh/u36EquedDYEHFmv3ag==,GB → GB,Road,0,0,0,on_time,true
/8EJaNitGmFo5quGtzkwjA==,US → GB,Air,6,6,0,on_time,true
bSyRFl9JnIkpaptSBwxGPQ==,US → GB,Air,6,6,0,on_time,true
uDmwXmpe/ZbrWlUfRk5Txg==,GB → GB,Road,0,0,0,on_time,true
NV0ykLzuL5RGCeB5945Fgg==,GB → GB,Road,0,0,0,on_time,true
8L1GoMul3qhfVLgzLaNqtg==,GB → GB,Road,0,0,0,on_time,true
yXG8Bu4vCCvancnN2rKANA==,GB → GB,Road,0,0,0,on_time,true
O6cVs0hPN7cpWmHcB1I0oA==,GB → GB,Road,0,0,0,on_time,true
RfsnhQJ6KmGY6ZK4dcrEkw==,GB → GB,Road,0,0,0,on_time,true
RvFAfiPG1mmmraMU3exRNg==,GB → GB,Road,0,0,0,on_time,true
6gb6cB1xf/GoaTaATPLYew==,GB → GB,Road,0,0,0,on_time,true
Eq9RebOcphKjWwoKH1FKIA==,GB → GB,Road,0,0,0,on_time,true
zD5IHCyEbhcFRJOpYz4kJQ==,GB → GB,Road,0,0,0,on_time,true
FgV2DuIpJ01FMEoKGLGdMQ==,GB → GB,Road,0,0,0,on_time,true
nNymbyhsmew+M0JNsTUd+g==,GB → GB,Road,0,0,0,on_time,true
T71XOxpFNXavTFygk87Brw==,GB → GB,Road,0,0,0,on_time,true
bRoSuv0ycxegqM9j0xANRg==,GB → GB,Road,0,0,0,on_time,true
ojd/ZpyNJgRkbSQKzFlJqQ==,GB → GB,Road,0,0,0,on_time,true
Y1Vf5jgEgAa/JAmavWCSXg==,GB → GB,Road,0,0,0,on_time,true
hKeYyEAGiT5LR2FWNFBF/g==,GB → GB,Road,0,0,0,on_time,true
br6olWfKfwnmd1IxHRYt9w==,GB → GB,Road,0,0,0,on_time,true
Kd2/m3hOqGXPEurcs6rquA==,GB → GB,Road,0,0,0,on_time,true
GfSl9am3HAVZoVxjXKwLPQ==,GB → GB,Road,0,0,0,on_time,true
NCK4LBNW1tRFsm8lwNSRoA==,GB → GB,Road,0,0,0,on_time,true
d+/ac56EkORzkuQy8Y6OWQ==,GB → GB,Road,0,0,0,on_time,true
pS2z4Ac44CuSBo4UVBZ+Og==,GB → GB,Road,0,0,0,on_time,true
QE4+LvvHns1YJaCpvpeW0g==,GB → GB,Road,0,0,0,on_time,true
hgAaqncunBdia9PDrLDq3A==,GB → GB,Road,0,0,0,on_time,true
1qUMuOe8iO3p8M1X/VcDMA==,GB → GB,Road,0,0,0,on_time,true
P2O8Ii4XzgYSdHXwEp2PBg==,GB → GB,Road,0,0,0,on_time,true
oO2AOQuxd2DyAUjKoHzy7g==,GB → GB,Road,0,0,0,on_time,true
N7PitFHiWY0Q/y3E+2KAIQ==,GB → GB,Road,0,0,0,on_time,true
M81So0jZ2OCuTzuLrmbSDA==,GB → GB,Road,0,0,0,on_time,true
grFAv2TUPQSd42rrk2Awug==,GB → GB,Road,0,0,0,on_time,true
cqLwYUWTi3NR23P4h+56BA==,GB → GB,Road,0,0,0,on_time,true
pcSb8Mzk7HN1m+kdaA8tZA==,GB → GB,Road,0,0,0,on_time,true
KtVsIYdZNMHvQ3AwSW9CcA==,GB → GB,Road,0,0,0,on_time,true
/paAqWa1FyVW8M7YQ6+BHw==,GB → GB,Road,0,0,0,on_time,true
ZsZzU7v5+N5qw5G+2GQhIQ==,GB → GB,Road,0,0,0,on_time,true
7WQ+ymhTa8aM2HWVCnCPTw==,GB → GB,Road,0,0,0,on_time,true
iyv2BsjQEdMBdgKPY5MBnA==,GB → GB,Road,0,0,0,on_time,true
niNF0NExbmeDtF2ehmwHZw==,GB → GB,Road,0,0,0,on_time,true
JpgJmmsV4o2WV8HZXXaiNQ==,GB → GB,Road,0,0,0,on_time,true
N6dDkscLduC7GfHRGXlzOg==,GB → GB,Road,0,0,0,on_time,true
u77X0hBEzBqSZKv092EbuQ==,GB → GB,Road,0,0,0,on_time,true
Sf3dNAqPjwzxW7o4pt0v8Q==,GB → GB,Road,0,0,0,on_time,true
Vdrxb20xeNpzKCr38ruTqw==,GB → GB,Road,0,0,0,on_time,true
Gh5sYq7KZgFLuOnN8MArAA==,GB → GB,Road,0,0,0,on_time,true
tWmAZwDxefmAn9wTeOACxQ==,GB → GB,Road,0,0,0,on_time,true
3exD9Cq6PIN/VnxSEkIPrQ==,GB → GB,Road,0,0,0,on_time,true
2Gp2KIBJ5vTeR2/GKL9HlA==,GB → GB,Road,0,0,0,on_time,true
904YVLiJtywddEDDeuAGaw==,GB → GB,Road,0,0,0,on_time,true
cYFmJuNYkc7SjSAMWBs2Aw==,GB → GB,Road,0,0,0,on_time,true
i6NataK8kiZLQaN55BT6tA==,GB → GB,Road,0,0,0,on_time,true
UAfK00InNgJN0GNgEqwrdg==,GB → GB,Road,0,0,0,on_time,true
zzxRmvkaLiTmULmI5xC46A==,GB → GB,Road,0,0,0,on_time,true
E07PH0RIFvxn4f7Ex9YN4Q==,GB → GB,Road,0,0,0,on_time,true
FdGl/npRCGeqkxMwFfrQuQ==,GB → NL,Road,1,1,0,on_time,true
kvSWgA7rOeI5LJDBCS2eBg==,GB → NL,Road,1,1,0,on_time,true
oWjvrC735Y2JbxI8uZMHXA==,GB → NL,Road,1,1,0,on_time,true
#ERROR!,US → US,Road,9,9,0,on_time,true
HhwiKsZmJZpgfl8x0SgxbQ==,US → US,Road,2,3,-1,faster_than_estimated,true
WEUKrWg6QN5DVpJZoRpzbA==,US → US,Road,7,7,0,on_time,true
QDzf53CetUM9MTIKSlaTxA==,NL → GB,Road,4,4,0,on_time,true
KqX463rTTjMvbrcQeuZo9w==,GB → GB,Road,0,0,0,on_time,true
/spgfJSNNLWUh6DPKwxyDw==,GB → GB,Road,0,0,0,on_time,true
U2gGpUqd8YeQCz+A4qwIfw==,GB → PL,Road,4,4,0,on_time,true
BRvLTxnVihaEuEI7s6fgow==,GB → PL,Road,2,2,0,on_time,true
/G3hWnY4CMGTID8+Iqy14Q==,GB → PL,Road,4,4,0,on_time,true
zmw0EJzgSDMyZmFXLmpHMA==,GB → GB,Road,0,0,0,on_time,true
#ERROR!,GB → GB,Road,0,0,0,on_time,true
wuKur7uqOHrSfCNEDXWUgg==,US → US,Road,2,2,0,on_time,true
y7j1ecP/Qs4BVWcSvWmVTg==,GB → GB,Road,0,0,0,on_time,true
GFaZS8q0iiX9U4NAGZJAUQ==,GB → GB,Road,0,0,0,on_time,true
5BPz4UjSp8mN9l5HGt5x5A==,US → US,Road,7,13,-6,faster_than_estimated,true
UpU4Ce+EFhSeEAoa0B0VtA==,US → US,Road,3,3,0,on_time,true
kLeV1ado/q1XEbi3MdW84w==,US → US,Road,3,3,0,on_time,true
Ty39GyTMGd6bcoG3x2Mjag==,GB → GB,Road,0,0,0,on_time,true
FaKgJUV1V0Ksnvt457TdxA==,GB → GB,Road,0,0,0,on_time,true
fz21/D+C579R63pvuJlK4g==,GB → US,Air,4,4,0,on_time,true
aU/pJtLrodVwV0ZRA8ysBw==,GB → GB,Road,0,0,0,on_time,true
q0vcu6+DOpAaGmqim4hvhw==,GB → GB,Road,0,0,0,on_time,true
I7xBua6xmw+zxGcpIqXUOA==,GB → NL,Road,1,1,0,on_time,true
VceHCdtselyQ6RUblhPbvA==,GB → NL,Road,1,1,0,on_time,true
1i3sEvyyBxJQ0hXDfHtC8Q==,GB → NL,Road,1,1,0,on_time,true
AbfqkpRbsBj749QROVlPEw==,NL → NL,Road,0,0,0,on_time,true
#ERROR!,NL → NL,Road,0,0,0,on_time,true
qxweLCJprxS1RPjJsIfqVg==,US → US,Road,0,1,-1,faster_than_estimated,true
VsJz5bOLyN7fQIj+sNV7Jg==,US → US,Road,5,5,0,on_time,true
6QoHg8G7jOSnu10HWQSmxA==,US → US,Road,0,0,0,on_time,true
mPQkW2KTc53WvA5UUPfOXA==,US → US,Road,6,6,0,on_time,true
pdWqmwZ5arDhbF1Q08kxhw==,US → CA,Road,1,1,0,on_time,true
1/WSMsm7UrsTIRu83H699w==,US → US,Road,0,0,0,on_time,true
J5Z7JWCpG+CFhQOanv7mHw==,US → US,Road,3,3,0,on_time,true
x+diCfww+EsLkn6RvqikgQ==,GB → PL,Road,2,3,-1,faster_than_estimated,true
QFF6E58wlnQAfPHiz484dA==,GB → IT,Road,2,9,-7,faster_than_estimated,true
TJya/c4pTLswkiRamC6pbg==,GB → IT,Road,2,2,0,on_time,true
TOpjcS+PEBNA18M2FsDs0A==,GB → IT,Road,2,2,0,on_time,true
khI+IfKzFFo3fl3Y/7LH0w==,VN → GB,Air,6,6,0,on_time,true
zukcETPlSNkVlyha52OMag==,VN → GB,Air,6,6,0,on_time,true
ZCk0JQ0fn/N/uZiW9iRY2A==,VN → GB,Air,6,6,0,on_time,true
BT/yFQmkXIBF2PaKRPW7Qw==,VN → GB,Air,6,6,0,on_time,true
t3u465IZxTvxmPYl3Q30cA==,VN → GB,Air,6,6,0,on_time,true
qCrTHIKuc9sv69ud/hKa0A==,VN → GB,Air,6,6,0,on_time,true
BXJPOlMa+UZV/+OfDXgo/g==,VN → GB,Air,6,6,0,on_time,true
42zNanheDXLQ3cmhTdkEGw==,VN → GB,Air,6,6,0,on_time,true
43xJnRVXeqSIh8KW4gWsgA==,VN → GB,Air,6,6,0,on_time,true
pVO5+Hxlc7vfmaFmZxlR2A==,GB → IT,Road,2,2,0,on_time,true
PPzxbPyZocQ9sFpQ2gAVPA==,GB → IT,Road,2,2,0,on_time,true
P+L0mjosDHU3fv0QRYchrg==,GB → IT,Road,2,2,0,on_time,true
a5omez959HkvXTGxKmyVNA==,GB → IT,Road,2,2,0,on_time,true
N9JD2d78N8alfZd73/eajg==,CN → GB,Air,4,4,0,on_time,true
vtqenk0YDFTTiMWp/EtFDQ==,CN → GB,Air,4,4,0,on_time,true
ek/TgH1PU4VaOd3VykXhcQ==,CN → GB,Air,4,4,0,on_time,true
ogByGM5AqS62CgP2/Kfp9A==,CN → GB,Air,4,4,0,on_time,true
T+sQFclw9+a/h4MNUsjMbw==,IT → IT,Road,0,0,0,on_time,true
OS/c/eP77Xkt+3qeAhgCQg==,VN → GB,Air,6,6,0,on_time,true
iGQ2jKsMzh4+IYj6edB8Kw==,GB → IT,Road,2,2,0,on_time,true
78HlhTRrrMVE0wx3ChLF6Q==,GB → GB,Road,6,6,0,on_time,true
aoSEbRoGBBJt66Dr53f5JA==,GB → GB,Road,1,1,0,on_time,true
YQHg50xTAKRPdvK/Vj25AQ==,PT → PT,Road,0,0,0,on_time,true
NDJDdm8S5agOo9HcycBGnw==,GB → IE,Road,3,3,0,on_time,true
LZkiLsSNVLK1eiYEyXtEFg==,GB → IE,Road,3,3,0,on_time,true
MDNsHs7RSMWngO9GRi8XVA==,GB → IE,Road,3,3,0,on_time,true
riwERcFuWi0offqnHDA8NQ==,GB → IE,Road,3,3,0,on_time,true
BNV/0D5HOzyPSw8eQpXouw==,GB → IE,Road,3,3,0,on_time,true
7PuyFGc+3Rz+pgYWXljcfQ==,GB → IE,Road,3,3,0,on_time,true
1BT3Uy+SLXfykp7p0lP91w==,GB → IE,Road,3,3,0,on_time,true
cLD2XpS31Ls1GuSursNCXw==,GB → IE,Road,3,3,0,on_time,true
mz/fkltRwHhkQ6nL+5maHA==,NL → DE,Road,1,1,0,on_time,true
cCoJfMBkOgmDhADUvsvf5Q==,NL → DE,Road,1,1,0,on_time,true
G7Q6As3lBG1QMhNRXjYUJw==,NL → GB,Road,5,6,-1,faster_than_estimated,true
3o7HUs5rGIf3KfB8HG7v+Q==,NL → GB,Road,10,9,1,slower_than_estimated,false
h9YkV4E1BBrL73qSveGr2A==,GB → GB,Road,0,0,0,on_time,true
HmCxX52yLp0pG4c+FeRRUw==,GB → GB,Road,0,0,0,on_time,true
8RE1GHegNlq55d8TpTcYiw==,GB → GB,Road,0,0,0,on_time,true
SuCPj3s6L93SRepUvktzxA==,GB → US,Ocean,2,2,0,on_time,true
QtgrUgXqE71rT8fctAGNNQ==,NL → GB,Road,7,7,0,on_time,true
jwlMmwGvSQ/vYi/9UlRTmA==,NL → GB,Road,7,7,0,on_time,true
Vkgp43OVycgQwEnypxlXBA==,NL → GB,Road,7,7,0,on_time,true
YJimI6FPMOy0MurLp5t5Kg==,NL → GB,Road,7,7,0,on_time,true
AhSohVgaCWSK6yBFmyuCkA==,NL → PL,Road,3,3,0,on_time,true
2eeXxpY0zmMXb0T8TQW6kA==,NL → GB,Road,6,6,0,on_time,true
MmrlzjmetvUlXvSa8WVoeg==,NL → GB,Road,6,6,0,on_time,true
DGYz743q+NbOHfPUxlg+iQ==,NL → GB,Road,6,6,0,on_time,true
GxqBUdO3EWj+i3vtcLKrjw==,NL → GB,Road,6,6,0,on_time,true
XQjjMpJdNCxJ3wlKV6m9vw==,NL → GB,Road,6,6,0,on_time,true
uhuttM89dPge4x9hxgmP3g==,NL → GB,Road,6,6,0,on_time,true
86vY7ZsgpgGcZA46SMGxqQ==,NL → GB,Road,7,6,1,slower_than_estimated,false
8f8g0Ydwked+G3pITLbv0w==,GB → GB,Road,0,0,0,on_time,true
PtTXlE1v4H2/rqYPvmDg6g==,US → GB,Air,5,5,0,on_time,true
oeLf0sJmPzzkuqcXWcETbg==,CA → GB,Air,6,7,-1,faster_than_estimated,true
htsSHCyvGjPcy8PXicU8yQ==,NL → PL,Road,3,3,0,on_time,true
QG5tV10IgTQt9FIb7m2EcA==,NL → PL,Road,3,3,0,on_time,true
Zapf0myoW3mDzBZDNy2ayQ==,NL → PL,Road,3,3,0,on_time,true
59po/8q4KqdJiv4mIIaq4Q==,NL → PL,Road,3,3,0,on_time,true
u+5hn/IuYrsi225XDQ0pIw==,NL → PL,Road,3,3,0,on_time,true
CFUOz4WrR7GW+K13xlLyrQ==,NL → PL,Road,3,3,0,on_time,true
7h2dysf0O5KNX8LVmoWW5g==,NL → GB,Road,5,5,0,on_time,true
wLHAn9iRmtX4QV54RYwoJQ==,NL → GB,Road,5,5,0,on_time,true
E0OeSxRyv4UO+fFf5GBs/Q==,US → GB,Air,8,8,0,on_time,true
hc8DkOM8ipIzgTqH/O9wOQ==,NL → GB,Road,5,5,0,on_time,true
pOinh3hJHgmdWSyvX0A8gA==,GB → GB,Road,0,0,0,on_time,true
OEhKY05CMV/yTbSCF2Bt1Q==,GB → GB,Road,0,0,0,on_time,true
P5hdylCjVnI+PRv2GQfqWA==,GB → GB,Road,0,0,0,on_time,true
RQPdNBmLDltnJMoJa555nA==,GB → GB,Road,0,0,0,on_time,true
QM1Pibtro0VL2LjNmK3Mcg==,GB → GB,Road,0,0,0,on_time,true
B6Pj2kQrRdq7FUT4hA2TeA==,GB → GB,Road,0,0,0,on_time,true
fbVjOxiKvQ7mOwiILEwcxQ==,GB → GB,Road,3,3,0,on_time,true
aYdk1QIcZzjNpNp96ygJhw==,GB → GB,Road,3,3,0,on_time,true
klEggvGKlv+IeGZEPYm0kw==,GB → GB,Road,0,0,0,on_time,true
ND+thYIDa32aFdJ8Pc8NRw==,GB → GB,Road,0,0,0,on_time,true
itXmhmYBDYLoIhLVTM7mNw==,GB → GB,Road,0,0,0,on_time,true
KdGmKKdPZfHQBib3xioaIw==,GB → GB,Road,3,3,0,on_time,true
3aAee5ZRjHIfIK/8k2TKlQ==,GB → GB,Road,3,3,0,on_time,true
qBOqGmIlxgv74GZSf7n30w==,TR → GB,Road,0,0,0,on_time,true
sHYQBFKfLT1v3BdX23scGw==,IT → GB,Road,11,11,0,on_time,true
OH+zkVu919q2lgPoioI7nQ==,GB → GB,Road,0,0,0,on_time,true
PV9pn+EK7c2UdN0SeTNFuw==,GB → GB,Road,0,0,0,on_time,true
uJDUhzeZu7TLZWDgfhn4SA==,GB → GB,Road,0,0,0,on_time,true
/CEeX+Zt9MhQfNACvmxghg==,GB → GB,Road,0,0,0,on_time,true
a+GaNiD6lEbyT9czU2tmgg==,GB → GB,Road,0,0,0,on_time,true
LBEpaz4tcIjm1wHRbZKz5g==,TR → GB,Road,3,3,0,on_time,true
7QIsMXsJ0odJE9dprH1joA==,TR → GB,Road,3,3,0,on_time,true
NJnDmgKPy1IeaveKOFnPHg==,GB → GB,Road,0,0,0,on_time,true
S5/4GlFe1t25CexSs9TS7w==,GB → GB,Road,0,0,0,on_time,true
CP4ANCmm4HFTG7263kUiJQ==,GB → GB,Road,0,0,0,on_time,true
1aEmWKFR+8Aj6QnNBqIRnQ==,GB → GB,Road,0,0,0,on_time,true
QyAC/cyUa359gr+9cf/Ssw==,TR → GB,Road,3,3,0,on_time,true
qVx0XcC78WtffThgbJbAbg==,GB → GB,Road,0,0,0,on_time,true
tRgLmBKwWFkDHU2sDsnd4g==,GB → GB,Road,0,0,0,on_time,true
4NvfoDo5fzn5eYNezF60RQ==,NL → GB,Road,12,12,0,on_time,true
4zh8C8yfW20YMOzU3fOeiA==,NL → GB,Road,12,12,0,on_time,true
9WtfjtOCZRn9/Yd9J+Q0dg==,TR → GB,Road,0,0,0,on_time,true
9wuxu2O9bSl9lXjXBBE9Lw==,TR → GB,Road,0,0,0,on_time,true
nBC44k+fLxK0Fd0wP7SR3w==,TR → GB,Road,0,0,0,on_time,true
t0dRA+6dzZA7fiSl7TfMFw==,TR → GB,Road,0,0,0,on_time,true
M7d9xOEzwiXWX9dWs3/IeA==,TR → GB,Road,0,0,0,on_time,true
ekDcvWZEo6SdWsLk8Bpw2Q==,TR → GB,Road,0,0,0,on_time,true
HkhkhgioiZpPZ5ZBVFHsGg==,TR → GB,Road,0,0,0,on_time,true
bjndb4Q41AMo23zec02r3Q==,TR → GB,Road,0,0,0,on_time,true
KjAfVXTXsGL+s1yKQLWPKg==,TR → GB,Road,0,0,0,on_time,true
R5iUJa8iUiVFshSNn2mL7Q==,TR → GB,Road,0,0,0,on_time,true
HtryJy9wN7wrH42/IuT2Iw==,TR → GB,Road,0,0,0,on_time,true
nuKpJGlWr77Gl3RBIVqhog==,TR → GB,Road,0,0,0,on_time,true
12shdqvYRWkmEMtcilCmAQ==,TR → GB,Road,0,0,0,on_time,true
#ERROR!,TR → GB,Road,0,0,0,on_time,true
IsaeS7UhHjM5v2QLmPDSLQ==,TR → GB,Road,3,3,0,on_time,true
6V9QdhEDT12APf1wXA3fyw==,TR → GB,Road,0,0,0,on_time,true
fQn2tWQvOH8u1zrGlUsovQ==,TR → GB,Road,3,3,0,on_time,true
EkdFS6XCeNtgrhdDJBLzVQ==,TR → GB,Road,0,0,0,on_time,true
H6axVk3X8irD+5Lq9WxzrA==,TR → GB,Road,0,0,0,on_time,true
vF+ZxdpXpdplsw8yvmGqIQ==,TR → GB,Road,0,0,0,on_time,true
hSuJrORh+32L1P/it6dStw==,TR → GB,Road,0,0,0,on_time,true
yGQTubDRRJde1OgfR+DgEQ==,TR → GB,Road,0,0,0,on_time,true
noTIss64Hnxkf6SmeYbovg==,TR → GB,Road,0,0,0,on_time,true
nbhhTbMKBG0IlbMgI0Dg3A==,TR → GB,Road,0,0,0,on_time,true
SSOfBAZH6jFT6dxEkEHNQQ==,TR → GB,Road,0,0,0,on_time,true
qig+gIjvly3X1+Pqv6q72A==,TR → GB,Road,0,0,0,on_time,true
GOFi0cFkbEh7QUSZiczzVw==,TR → GB,Road,0,0,0,on_time,true
MQ75d7yC1dZ4FAsFp7tA7w==,TR → GB,Road,0,0,0,on_time,true
csStUpZXlu6ESPe4Hzv9RQ==,TR → GB,Road,0,0,0,on_time,true
NGx19Yz+pGcfyYrI/wm09w==,TR → GB,Road,0,0,0,on_time,true
38XfQ07PhZl/EL6P9moT2A==,TR → GB,Road,0,0,0,on_time,true
ZqztcEn1OVciyEgmRC8Vzw==,TR → GB,Road,0,0,0,on_time,true
Vm29k88/RGhZhCvd8inoWQ==,TR → GB,Road,7,7,0,on_time,true
rjlNc0OD2qQSpdsBO8lSiA==,TR → GB,Road,7,7,0,on_time,true
2Z6JO8T05p8NOI2rJMprXQ==,TR → GB,Road,7,7,0,on_time,true
77cwyJOKtE5pJY3Uc4Yw8A==,TR → GB,Road,7,7,0,on_time,true
uEEFbwenlyADKmP8viMZXg==,TR → GB,Road,7,7,0,on_time,true
gdN5an+gQ+hsgwymPibQ4w==,TR → GB,Road,7,7,0,on_time,true
8YlBnW+3wYq9ygr0gCfI9w==,TR → GB,Road,7,7,0,on_time,true
BrBhhbujigkM67RSZ0zy4w==,TR → GB,Road,7,7,0,on_time,true
cjr3a1x+HiwuD8ZyIUSNgA==,TR → GB,Road,7,7,0,on_time,true
Cm2mRX7ah2KMvajEFreFrw==,TR → GB,Road,7,7,0,on_time,true
ws8uM1P+ch5uaj6aAupcGA==,TR → GB,Road,7,7,0,on_time,true
cJPvHkd9/HIjZH9J8DreMA==,TR → GB,Road,7,7,0,on_time,true
XYbUi/F4KB0QgzhRNKmdEQ==,TR → GB,Road,7,7,0,on_time,true
r8L6BD17zTIGPTsRHOzfCg==,TR → GB,Road,7,7,0,on_time,true
ILLq9GFWlYk+9sFPuULCTA==,TR → GB,Road,7,7,0,on_time,true
dtO8eOtNfzvjGqwCkC30mQ==,TR → GB,Road,0,0,0,on_time,true
NnSS7+/Q7Axw5fp9isx/hQ==,TR → GB,Road,0,0,0,on_time,true
eRMH264BIwUh3+/0oCkxoQ==,TR → GB,Road,0,0,0,on_time,true
TLta+dPIW9a3yyn0x1Py9w==,TR → GB,Road,0,0,0,on_time,true
RTIomADphAqNwV6DZHatSQ==,TR → GB,Road,0,0,0,on_time,true
MTwqgzSzN96hm9cpRgYECg==,TR → GB,Road,0,0,0,on_time,true
q+2X2X5Mn4beuiGnOhn+9Q==,GB → GB,Road,3,3,0,on_time,true
t5qgREbhdorR7xspBlz/QA==,GB → GB,Road,3,3,0,on_time,true
OBJFM2uFfbYCWfxttYKXvw==,GB → GB,Road,0,0,0,on_time,true
o/6aw4mB3cSzNbsOIBUsjg==,TR → GB,Road,0,0,0,on_time,true
oWbHhoQ+8J2uPi56GO2SSA==,TR → GB,Road,0,0,0,on_time,true
/UWTbUjY2mntYLq4tTSEfA==,TR → GB,Road,3,3,0,on_time,true
pe7VZlyS8eG5uDAL48T30Q==,TR → GB,Road,3,3,0,on_time,true
PHO0hwejSQAYFqFIeCrDNQ==,TR → GB,Road,3,3,0,on_time,true
UC1bDJH+G2LX6pjJMvsgLQ==,MA → GB,Road,12,12,0,on_time,true
H4FzT1+hyR8wISENC3AuSg==,MA → GB,Road,12,12,0,on_time,true
M/atO8v6tpmEOA5tgfUc4A==,MA → GB,Road,12,12,0,on_time,true
szqZbtdib5VwL1OI2dpP/w==,TR → GB,Road,0,0,0,on_time,true
BCyDXCK/FuSElJVZiX/bqg==,TR → GB,Road,0,0,0,on_time,true
83OLNsvI4lxVqCFcJm1OBg==,TR → GB,Road,0,0,0,on_time,true
7UV0gZBfUpBdM7J3NUb2pw==,TR → GB,Road,0,0,0,on_time,true
H0DH+caZf4D44Rv9EFsdZw==,TR → GB,Road,0,0,0,on_time,true
8whT2/ly/jNzxpRqiq7rSg==,GB → GB,Road,0,0,0,on_time,true
5M9dSfLmtqPadaR2tj80yw==,TR → GB,Road,0,0,0,on_time,true
o+dJLpiK07O5iZkdBh3O/Q==,TR → GB,Road,0,0,0,on_time,true
mMvDAE6ut+ebSTa5RP0syQ==,TR → GB,Road,0,0,0,on_time,true
eKgIeC4tgOYgG2EnmCYuIQ==,GB → GB,Road,0,0,0,on_time,true
/nekb2ZQuv5nHH0ioajVcA==,TR → GB,Road,0,0,0,on_time,true
FLSo4WcfJSnOGTWahEW+QA==,TR → GB,Road,0,0,0,on_time,true
5w34P0Kyz6sp+VAt/egH5w==,TR → GB,Road,0,0,0,on_time,true
AzEpMPya51y9s3pLMzV1Tw==,TR → GB,Road,0,0,0,on_time,true
Fu6pwhFoELvpCto1SPKfPg==,TR → GB,Road,0,0,0,on_time,true
OFJTFLyxQ6aB+PAtzYFGkA==,TR → GB,Road,0,0,0,on_time,true
InhRivox5lV9UIYgGiBDAA==,GB → GB,Road,0,0,0,on_time,true
qxYmNi/BB0eSd/KRBs67IA==,TR → GB,Road,0,0,0,on_time,true
ecVL+NJx7GPL1UNbOyIFOw==,GB → GB,Road,0,0,0,on_time,true
lrEIEUi92rTRHoCKvbZRjA==,TR → GB,Road,0,0,0,on_time,true
wtcSsTxOAKMWnsigBoogcQ==,GB → GB,Road,0,0,0,on_time,true
N5n1f64/MOc8hKYjklvLjQ==,TR → GB,Road,0,0,0,on_time,true
LGpu4w75cD5wgtE2GB7iNA==,TR → GB,Road,0,0,0,on_time,true
XHoMWkEe6YUA28ao2mrXRA==,TR → GB,Road,0,0,0,on_time,true
DjafiKi7oaxYF3lF51Q05w==,TR → GB,Road,0,0,0,on_time,true
ylE3CUUoYFjPbcd86deZEw==,TR → GB,Road,0,0,0,on_time,true
t5GLcu/H4QJm0rgHZfXMrQ==,TR → GB,Road,0,0,0,on_time,true
YjxqhJSUwi4FH2PSZBlLWA==,TR → GB,Road,0,0,0,on_time,true
B3XPSndkhaPvFI15aL2L/g==,TR → GB,Road,0,0,0,on_time,true
nf5DsR7gqcmHH+Q+yYfE6Q==,TR → GB,Road,0,0,0,on_time,true
9hML14VNglfcsILWRCxMyQ==,TR → GB,Road,0,0,0,on_time,true
dZQCWvLZptZu+AHjLyf0Yg==,TR → GB,Road,0,0,0,on_time,true
uCb7pGFcO6Tu0vrult5QUA==,TR → GB,Road,0,0,0,on_time,true
fIfQZ1K0ChsSBotAuEJUOw==,TR → GB,Road,0,0,0,on_time,true
KVxHs/zUYCTUnUY/QSAtkA==,TR → GB,Road,0,0,0,on_time,true
fZUkWUAxpXj9UFvNVZHJGw==,TR → GB,Road,0,0,0,on_time,true
fe6mNBSpqETSzIC38ZjoiQ==,TR → GB,Road,0,0,0,on_time,true
mWe6sv5y0iHezvAinKMs7w==,TR → GB,Road,0,0,0,on_time,true
Z7RuyflNQud1Cs5/7WLIfA==,IT → US,Air,6,6,0,on_time,true
arnSv3rUkh9KlHObjAuzsw==,IT → GB,Road,4,4,0,on_time,true
MKVISEVj4MmUkct/mhlxIQ==,IT → GB,Road,4,4,0,on_time,true
qfU1EbN5ksBmPEmqx5gRWg==,FR → US,Air,11,11,0,on_time,true
1c0z8fY5ZWY+nHRlUw0eZA==,CH → GB,Road,4,4,0,on_time,true
2USHujSP6g38Fy4cA/wgvw==,IT → GB,Road,9,9,0,on_time,true
2lCjjm6m3IpZQ19srqRjXw==,IT → US,Air,8,8,0,on_time,true
BjIPhOcKONe/J5VH7nfZvQ==,IT → GB,Road,2,2,0,on_time,true
yA/8gXiZ2lRoQ8e67nBqNA==,IT → GB,Road,2,2,0,on_time,true
A8o/ac3ZyHJSIiCgyDuInA==,CH → GB,Road,3,4,-1,faster_than_estimated,true
Fl8me9RpA+YbzNGV/pypxw==,GB → US,Air,6,6,0,on_time,true
t89VtCbWqHuDcla3V59pjA==,FR → GB,Road,2,2,0,on_time,true
2SUDMW5AHUxYkEidBK7u3g==,CH → GB,Road,3,7,-4,faster_than_estimated,true
iURlSIjq94jOxyqcYAbGNQ==,CH → GB,Road,3,4,-1,faster_than_estimated,true
70CQr7MRZqbxzRysB4/0Fw==,FR → GB,Road,2,2,0,on_time,true
5ewxmpUBfIZuNQWzQOPkkQ==,FR → GB,Road,2,2,0,on_time,true
I8R9yRAfTe5MUfTCdIy9BA==,GB → NL,Road,3,3,0,on_time,true
qNqxUxam6V4SVluCVU76og==,IT → NL,Road,1,1,0,on_time,true
ilDl1ocMkCXq4QM3mIMbEA==,US → US,Road,3,3,0,on_time,true
iZApYx2KLyDylUALC+jyKw==,PT → GB,Road,6,7,-1,faster_than_estimated,true
/I7KPP3tnBKdlNA5KOcfpQ==,PT → US,Air,7,7,0,on_time,true
TC75eZEiVNN3QgK/+p4M3A==,PH → US,Ocean,48,48,0,on_time,true
uItYbiMOQ103i1Txnuiefw==,PH → US,Ocean,48,48,0,on_time,true
G4mUav93IXoZLCkOJAzmvg==,PH → US,Ocean,48,48,0,on_time,true
WvOFkDLlAYTJjsJ1NUE+ag==,PH → US,Ocean,43,43,0,on_time,true
VMy5X+CNJIfXlVSqONZ35w==,PH → US,Ocean,44,44,0,on_time,true
1dyLrt60iKZW8VVbXbeXBg==,PH → US,Ocean,43,43,0,on_time,true
d0R6vFpugZUmv135Z6a78w==,PH → US,Ocean,36,36,0,on_time,true
Ps8HvX/phR5XpSWWCeuw8g==,PH → US,Ocean,36,36,0,on_time,true
lqumYtDssCj7+cRXzMVLzA==,PH → US,Ocean,39,39,0,on_time,true
3+1WMmf92Iq32eeCkS6RPw==,HK → GB,Air,17,17,0,on_time,true
Y6AtW4GoDnZbtOxg3vslNw==,HK → GB,Air,17,17,0,on_time,true
LKhKwY7Fr2R7UM5gG24OQA==,HK → GB,Air,10,10,0,on_time,true
9he6ksxoyo8rw2H0no21Og==,HK → GB,Air,11,11,0,on_time,true
GnhsqIvg+WpxX9AccEV7aQ==,HK → GB,Air,10,10,0,on_time,true
S+tj8trrKzFd2JYSXG+7RA==,HK → GB,Air,14,14,0,on_time,true
jk+GJNd8+JZSLndFS+YRZA==,HK → GB,Air,8,8,0,on_time,true
I9sUNpS0sMtQlK8Js84PDw==,IT → GB,Road,8,8,0,on_time,true
EYibOudp0UPXjKjNfIs6mg==,IT → GB,Road,8,8,0,on_time,true
ymdLPvrObAau9GLTE6cSvA==,CN → GB,Air,15,15,0,on_time,true
LCMeATN4OHyixvI+B7N6xw==,BE → GB,Road,6,6,0,on_time,true
odurLZyLve+MnKPYRiLXCA==,IT → GB,Road,7,7,0,on_time,true
G3T799oa8wT7nkzBBX6SMw==,IT → GB,Road,11,11,0,on_time,true
C0bwGUog2bsKHDqqv9b2Zw==,FR → GB,Road,13,13,0,on_time,true
iuqvp+naz4E/MfMtatCdUw==,FR → GB,Road,13,13,0,on_time,true
fs824CBHGLB4JCqJ9aXTnA==,FR → GB,Road,13,13,0,on_time,true
jN0UmQPmSb1yTWGTurpJUw==,CN → GB,Air,11,11,0,on_time,true
l8iILqtlextAi5Nfr27jSg==,FR → GB,Road,10,10,0,on_time,true
oPNFuqlgNDnXxds1oNqBWw==,US → GB,Air,7,7,0,on_time,true
nmgcgLcYXTO9HCjleOgFoQ==,BE → GB,Road,7,7,0,on_time,true
dG4no9h5lUovJFGANTVPrA==,BE → GB,Road,7,7,0,on_time,true
x/jBTyLk5jMo2EtAdT1qLw==,BE → GB,Road,7,7,0,on_time,true
5YksR/G0mUMk3jOs4JCTrA==,FR → GB,Road,7,7,0,on_time,true
v8mMprRv2PI7RREH7h+a4g==,US → GB,Air,7,7,0,on_time,true
D6ZdlCsETozaaGadyJWOIg==,US → GB,Air,7,7,0,on_time,true
80mwDY/au0jECiBBaOxlcg==,US → GB,Air,7,7,0,on_time,true
aBgu/3gNX20/418o7WDALA==,US → GB,Air,7,7,0,on_time,true
3VwMzJvYqOivOENn6WrzCA==,US → GB,Air,7,7,0,on_time,true
#ERROR!,NL → GB,Road,7,7,0,on_time,true
jkxcanXfWMJhoHOcGpskKQ==,US → GB,Air,9,9,0,on_time,true
dBHK+Qmf3aXzbU7hmZCbMw==,US → GB,Air,9,9,0,on_time,true
Srd4/x05wYP38pqaM9Gpuw==,US → GB,Air,9,9,0,on_time,true
mkM6nSQQ5u5z+Trak3e4Vw==,CH → GB,Road,6,6,0,on_time,true
#ERROR!,CH → GB,Road,6,6,0,on_time,true
10DJxLbjU8ZPnDHsQPnB5A==,CH → GB,Road,6,6,0,on_time,true
gFyoMGC9PwB4P/BZHQIumA==,CH → GB,Road,6,6,0,on_time,true
4BskgMbMei3YHYqqiVmDDQ==,CN → GB,Air,8,8,0,on_time,true
Jzihf5cJ1ByCC/g7d9J4hw==,US → GB,Air,8,8,0,on_time,true
xmACRRodUWI4ij/JIiOGsg==,US → GB,Air,8,8,0,on_time,true
zPx7/uA+dGN+lsystylUlQ==,HK → GB,Air,6,6,0,on_time,true
NoAvCETNMS3V+QYzicacAg==,US → GB,Air,8,8,0,on_time,true
G5xJk7/WD2GIyqtiMAF15g==,US → GB,Air,7,7,0,on_time,true
ZLA/dUQ/IYwXND9yVn7fwA==,US → GB,Air,7,7,0,on_time,true
NQp3hfJGlfFsV8oYAkbTdg==,ES → GB,Road,7,7,0,on_time,true
RmvGP2xKBT89/Hx6P1UMdg==,KR → CA,Air,6,6,0,on_time,true
K7eVI1O9dvnth3j+WW6Ffg==,CA → GB,Air,8,8,0,on_time,true
ZNTvYIK+f8cQ5pHl7q0Buw==,CA → NL,Air,7,7,0,on_time,true
r12nk8NKtDqXpag7peWl4g==,CA → NL,Air,7,7,0,on_time,true
//E6oAjfwaggsq8pxz/gjg==,CA → GB,Air,9,9,0,on_time,true
ln273DcUWq0G6DT0eT4s1A==,CA → NL,Air,5,5,0,on_time,true
tceKJYGB5pRg9JV0NLkihg==,CA → NL,Air,4,4,0,on_time,true
Ni4FKcLS0LcQZSoOw0VlvQ==,NL → NL,Road,1,1,0,on_time,true
zqy2YcKq7A/wT4556xxPFg==,GB → FI,Road,13,14,-1,faster_than_estimated,true
NoCFkpNy4s/BlafqlS+1Cg==,GB → ES,Road,12,13,-1,faster_than_estimated,true
Njv6HPPf8ZYKsZB3EkKrcw==,GB → CH,Road,9,9,0,on_time,true
YxpLmSJTo/Ibu2fwAxzC7w==,GB → FI,Road,10,10,0,on_time,true
iSWq76yBeAeyADyYdjbupQ==,CN → US,Air,3,3,0,on_time,true
HRuZlQfsp8eaYqxL52zKUQ==,DE → GB,Road,4,4,0,on_time,true
MJz6Nzn1tvKte8PsSWuMCw==,DE → GB,Road,2,2,0,on_time,true
I81p7SpzQESmuHMtVxsK2A==,DE → GB,Road,2,2,0,on_time,true
OBNW4jKr4VJkvGQVE93muw==,DE → GB,Road,2,2,0,on_time,true
XGo+162yY1NaZUiVADHKng==,DE → GB,Road,3,3,0,on_time,true
Na8gX2ZJeXGlZHARRWJMgg==,DE → GB,Road,2,2,0,on_time,true
SilcUilc3QJop22fyLPpYw==,DE → DE,Road,7,7,0,on_time,true
7VHELgv19O7t/sqH8/YBXw==,DE → PL,Road,2,3,-1,faster_than_estimated,true
PetDeGKuIkfbKh4DGoNYHw==,DE → PL,Road,2,3,-1,faster_than_estimated,true
Iexvy15lWrws7HMvjKj7Hw==,DE → PL,Road,2,3,-1,faster_than_estimated,true
JgFzUdLpu3bbK/aUNWKHsg==,DE → NL,Road,2,3,-1,faster_than_estimated,true
hzo0jnjoYUmTxP4uDmprGg==,DE → NL,Road,2,3,-1,faster_than_estimated,true
gghM6NHYq1rA4zBSYQsL/Q==,DE → NL,Road,2,3,-1,faster_than_estimated,true
AN1B8FPATMnB84xLZGwuaQ==,DE → NL,Road,2,3,-1,faster_than_estimated,true
jJ+mtCnT2fAXVZ3n+BDyCw==,DE → NL,Road,2,3,-1,faster_than_estimated,true
uah4AvjTMzK5l6TPz9d8AA==,AT → DE,Road,6,6,0,on_time,true
GHHpVSxYFjakX9P7brmQmA==,AT → DE,Road,6,6,0,on_time,true
b9va1GYUb4jDynyL/+N0tQ==,DE → FR,Road,13,13,0,on_time,true
ewaT8aEQ2F5wmyQSmeT38Q==,DE → FR,Road,13,13,0,on_time,true
MTiviF+L+jEpkAv8iiLHgQ==,DE → DE,Road,1,1,0,on_time,true
d/nV1/tmWHGzkchkyFZkvg==,DE → DE,Road,1,1,0,on_time,true
CQeifeQpYc1yRa5T11EBwA==,DE → NL,Road,5,5,0,on_time,true
T1Q0ea2ru7ZISF74DIxuHw==,DE → NO,Road,8,8,0,on_time,true
wtUtWFWDYswda74IYWSjPA==,DE → NO,Road,8,8,0,on_time,true
c/X0HPm6A8xPr324KKXY5Q==,DE → NO,Road,8,8,0,on_time,true
f24U52gsfu9HA4MyHv70JQ==,DE → NO,Road,8,8,0,on_time,true
oErnuscHzDMon5w171AZJQ==,DE → NL,Road,5,5,0,on_time,true
gHShmfSj++kMsCjaeNdRgw==,DE → SE,Road,5,8,-3,faster_than_estimated,true
z+WPPZpYaOl+g0PJ76giCg==,DE → SE,Road,5,8,-3,faster_than_estimated,true
YbEzOJRLOgpKt+9d+fq3yg==,DE → ES,Road,7,8,-1,faster_than_estimated,true
s7Sjoh5Hssy/nbOmJ0OfMg==,DE → ES,Road,7,8,-1,faster_than_estimated,true
4kayqDSFT1EPrg/oRuQkkg==,DE → ES,Road,7,8,-1,faster_than_estimated,true
2v7z5zfnxVvNlLEZxc7I5A==,DE → PL,Road,7,7,0,on_time,true
6wQLXUu0ThpD1aJ3FtgbFQ==,DE → PL,Road,7,7,0,on_time,true
S+XiGB9NkQvlOmfW9X0jRA==,DE → FR,Road,9,8,1,slower_than_estimated,false
pnzHW9pqaeZ4wlu5vMiC8Q==,DE → DK,Road,5,5,0,on_time,true
U3SSlu5qhtaEy3bZmy/ZBA==,DE → DK,Road,5,5,0,on_time,true
UiIg+o/sd2b6hxyvSJtUbw==,DE → DE,Road,1,4,-3,faster_than_estimated,true
/P+M8bvQ1IxAh7XkrrYQDg==,DE → DE,Road,1,4,-3,faster_than_estimated,true
2YlVo8RE2A/QLAUSsrF6Lw==,DE → DE,Road,1,4,-3,faster_than_estimated,true
upKMnd/kGII8llcEq5u/fg==,DE → DE,Road,1,4,-3,faster_than_estimated,true
D1sRir+jodMYf4YIwXDJ8g==,DE → DE,Road,1,4,-3,faster_than_estimated,true
KIc3R5x5SpxgTpmVgp6zcg==,DE → DE,Road,1,4,-3,faster_than_estimated,true
R+arXAn86tpBUMZogMVL8w==,DE → DE,Road,1,4,-3,faster_than_estimated,true
wbhgSjk0nCeLgMRvtTrO5Q==,DE → NL,Road,3,4,-1,faster_than_estimated,true
A6uY/QGBrKmdoWKiwrronQ==,DE → BE,Road,2,6,-4,faster_than_estimated,true
0gBv5iHO8Lv8p+/HLVQ4tg==,DE → DE,Road,1,1,0,on_time,true
73M4MHkje9/7rg5QCo3dwA==,DE → DE,Road,1,1,0,on_time,true
fBfTS0LFjCtUyzXbQQlZDQ==,DE → DE,Road,1,1,0,on_time,true
WF4W3RDpOS4KEMo3OOwf/Q==,ES → NL,Road,3,3,0,on_time,true
bgeEpQCfaFwEMmFe2RTS2A==,ES → GB,Road,4,4,0,on_time,true
DhfGZ448Klj7W9B5d87Alw==,ES → GB,Road,4,4,0,on_time,true
SkurccTABH9Ir2jDbvGqHQ==,CN → HK,Road,2,2,0,on_time,true
zolzCUoNkqHuJAXqNASObw==,CN → HK,Road,3,3,0,on_time,true
UBykY4eCex9fPu/cg9hnpw==,CN → HK,Road,2,2,0,on_time,true
3KkROFYg4p1aWzxwkyKm+w==,CN → HK,Road,3,3,0,on_time,true
8RjEIfN9fTPbxIXVKReQfA==,GB → GB,Road,0,0,0,on_time,true
R2kyIqI8VqZbCevvN40HWg==,NL → GB,Road,7,7,0,on_time,true
MHgkOe0COa9a24Kd4g+kxQ==,NL → GB,Road,7,7,0,on_time,true
9EUZUljDm986OVM3KCwEag==,NL → GB,Road,7,7,0,on_time,true
Vye2TrIHzDb7E1OoQQG0Vw==,NL → GB,Road,7,7,0,on_time,true
oen04qRzwM2bOEP7y2XUCw==,NL → GB,Road,7,7,0,on_time,true
VbI6OjtGHfhW3E2EeJi83Q==,NL → GB,Road,7,7,0,on_time,true
f2VsYQZG1FgX6XAm/TanVw==,NL → GB,Road,7,7,0,on_time,true
SCPR5t9X5TRWy7naokwynQ==,US → GB,Air,2,2,0,on_time,true
1s+8lqi6xs4hAuUS1+YTLA==,GB → GB,Road,0,0,0,on_time,true
mlDAt0bTVhoWNxl5zXFm7g==,GB → GB,Road,0,0,0,on_time,true
o/PRB16ZU9RwGM6VzKTFZA==,GB → GB,Road,0,0,0,on_time,true
is4NpRgefFOv5Mb5cEI2Yg==,GB → GB,Road,0,0,0,on_time,true
UxJxSsryhEGujyYXw+Kigg==,GB → GB,Road,0,0,0,on_time,true
uhvZBVBIJ1Tvxa9UDTGR9A==,GB → GB,Road,0,0,0,on_time,true
eiHVsk+bly75iwHzRdnZyg==,US → GB,Air,2,2,0,on_time,true
jjFGPzfYrOoTLOmjkg6qbg==,US → GB,Air,3,3,0,on_time,true
oeMuTEGqCvylISYDp8WQAg==,NL → GB,Road,11,11,0,on_time,true
NH3FeOq24KxdX6VX0Ovseg==,GB → GB,Road,0,0,0,on_time,true
BkAeQH/yLLGqs4oDIfeuhQ==,GB → GB,Road,0,0,0,on_time,true
2Opz4iGbmeMATR20DaGjOg==,GB → GB,Road,0,0,0,on_time,true
KSt0+ksBZEJhwBhWCnveDw==,GB → GB,Road,0,0,0,on_time,true
r+NoX1ClLnxNbFxHkXrlsw==,GB → GB,Road,0,0,0,on_time,true
qD4zRJPI8SdxoLNoCh88aQ==,GB → GB,Road,0,0,0,on_time,true
GmCB3TzBezP/DY4jREo9nA==,US → GB,Air,15,15,0,on_time,true
gRKqMznoFIGIzm+zBNWZTQ==,US → GB,Air,4,4,0,on_time,true
q2TzpzfjuI2FZC+Diy/rPA==,US → GB,Air,7,7,0,on_time,true
wB7Q3UZDliikOraejkBggg==,GB → GB,Road,0,0,0,on_time,true
zaXN+pE+5iwwXLSCT1CICA==,GB → GB,Road,0,0,0,on_time,true
iyxE71Hf1j24dI3otK2YAw==,US → GB,Air,6,6,0,on_time,true
q6sInh8mMPTRfdNro53kaA==,US → GB,Air,8,8,0,on_time,true
jcYBCvRq47KZBYqtWneb3Q==,US → GB,Air,8,8,0,on_time,true
niuBi2adhHsdZnU9nytXTA==,US → GB,Air,8,8,0,on_time,true
pISd7g2khuSbQLb0U7IQxA==,US → GB,Air,8,8,0,on_time,true
IPtcfWabMluCOpR/nm9SHA==,NL → GB,Road,3,3,0,on_time,true
atIhShL/ey7Khb6ddlZnzQ==,NL → GB,Road,3,3,0,on_time,true
cLGZXTonUN6teKlElF+XpQ==,NL → GB,Road,3,3,0,on_time,true
tLbXkSj/9tFLvxLTmjrMog==,US → GB,Air,6,6,0,on_time,true
#ERROR!,US → GB,Air,6,6,0,on_time,true
9BjGWNGhbqgjmo0+pWOUXw==,US → GB,Air,2,2,0,on_time,true
B5CSuHCUPduPRHlWSu9w0Q==,US → GB,Air,2,2,0,on_time,true
TjKbJn811MRdcu3wo1syqw==,US → GB,Air,7,7,0,on_time,true
hQMgu4oR5Oo53hfIH/vK8w==,GB → GB,Road,0,0,0,on_time,true
Zd7HLf7MuwD1C4wnOJieQQ==,GB → GB,Road,0,0,0,on_time,true
B0CdKK49VFhQyoWIpcy9dQ==,GB → GB,Road,0,0,0,on_time,true
2sMcdUCMeoI7FLT6sRzxgg==,GB → GB,Road,0,0,0,on_time,true
4fgvEeabW9iNb9gYNSZ9ag==,GB → GB,Road,0,0,0,on_time,true
AKa5CZQ09IrAlYpQT3SkZQ==,GB → GB,Road,0,0,0,on_time,true
XQwnNZr3mfLgQkjuAADlUw==,US → GB,Air,6,6,0,on_time,true
VeDcwq6BhASPBxVQiyHAsA==,US → GB,Air,6,6,0,on_time,true
/AIRSWrIU9A/TsQgy5jSvA==,GB → GB,Road,0,0,0,on_time,true
JKnryPLR2ihsUyUROYncRA==,GB → GB,Road,0,0,0,on_time,true
jOqyYzxqw85nvWumsPk7jw==,GB → GB,Road,0,0,0,on_time,true
vulSEHBp0FYI719iNTDkTg==,GB → GB,Road,0,0,0,on_time,true
cA+yRw/GGkdGigLA7yJBzg==,GB → GB,Road,0,0,0,on_time,true
PyJBXiLUZUroih5Y0k0EYQ==,GB → GB,Road,0,0,0,on_time,true
uRV2ObT485gq/hjuQ45PxQ==,US → GB,Air,3,3,0,on_time,true
otnSfFBde1rJg87/37+c0g==,US → GB,Air,3,2,1,slower_than_estimated,false
hXogRJWGso3b2r9WIaVVuw==,US → GB,Air,3,3,0,on_time,true
BToM2pU/5L2JajA030l69A==,CN → CA,Air,12,12,0,on_time,true
HYuqxqaPSSsJi6SVAM8D5w==,CN → NL,Air,6,6,0,on_time,true
6pZfsUAuEmKtusf5fLkyBw==,CN → GB,Air,7,7,0,on_time,true
riGTlFN5iVFpsuzqXUIvgA==,CN → US,Air,5,5,0,on_time,true
QnN47h3L0zHyd5cbnISGUg==,CN → US,Air,7,7,0,on_time,true
Zbw2+mlzhQzK54EHSRiW7g==,CN → GB,Air,7,7,0,on_time,true
6ftjRpXyxOtoOZLlOqmBWg==,GB → PL,Road,4,4,0,on_time,true
fcnH0TiF6Tf02Em9LdiuyQ==,GB → GB,Road,1,1,0,on_time,true
Sno7ain3NhpcbQxxLZ+3Zw==,US → US,Road,6,6,0,on_time,true
fJYh0bWxTjmR7xlBYtgsGw==,GB → PL,Road,3,3,0,on_time,true
XCfHPd8frXaSxlWZa55O5g==,GB → PL,Road,4,4,0,on_time,true
cyDmHCEX/vnrA4kC4EIWWg==,GB → PL,Road,5,5,0,on_time,true
fhbcgjY2m888VGyv630cdA==,GB → PL,Road,4,4,0,on_time,true
klkt8ruTJBSwV2u//WejZQ==,US → US,Road,8,8,0,on_time,true
lriK1R80EbEBE9bZRtb0ew==,US → US,Road,9,8,1,slower_than_estimated,false
kJhgc7t4ANZ3aoMdlR0YVQ==,GB → PL,Road,5,5,0,on_time,true
wv2T8uuHghNBnMoZzsXcrg==,GB → PL,Road,2,2,0,on_time,true
BJxHf2w7eaCcfVQd/xvP4Q==,US → US,Road,3,3,0,on_time,true
7WqvrosLTAZF8G+rPQVN2w==,US → US,Road,8,8,0,on_time,true
6f1qXjAkLlMHZp1MnPx5TA==,US → US,Road,8,8,0,on_time,true
KblXapnNwCYIjlIxdnjanQ==,GB → DE,Road,3,3,0,on_time,true
GgFHZKq7f0/45eL9NdAY6g==,GB → PL,Road,4,4,0,on_time,true
llo9VqOy+9Skt+7qb1Uuvg==,US → US,Road,1,1,0,on_time,true
/v9ejb2P/lERdxYu5SfJog==,GB → PL,Road,4,5,-1,faster_than_estimated,true
4oZteyhALId1Jn/xbK6ZlA==,US → US,Road,2,2,0,on_time,true
i9DuI7zvBVSWQKCc9eHpFw==,GB → FR,Road,2,2,0,on_time,true
cHb7J64DHaUUUliKXLKn6w==,GB → PL,Road,2,2,0,on_time,true
dkL4tCSHgcOEqGELhTIPtw==,GB → PL,Road,2,3,-1,faster_than_estimated,true
oggDPsunZnFhevm2OqnnrA==,US → US,Road,1,2,-1,faster_than_estimated,true
odsZpvkUiAptD8n1r7iYhg==,US → CA,Road,4,6,-2,faster_than_estimated,true
D86+ij+cGx4uGABelQc1jw==,US → US,Road,7,7,0,on_time,true
zAqE4GkwaB2m1qtPJwMUaw==,US → US,Road,2,8,-6,faster_than_estimated,true
ZjPcHnTxsot6FDPhHYVBwA==,CA → US,Road,1,1,0,on_time,true
MWaTKXz1kYO6d41q509O9Q==,CA → US,Road,9,9,0,on_time,true
xqq/VmHS1kGGIBa30zySwg==,US → US,Road,7,8,-1,faster_than_estimated,true
jxVqq0i+fd+tFlStW2T5XQ==,US → CA,Road,1,1,0,on_time,true
a9ao1UGrj5clvXz2OMtwkA==,US → US,Road,2,2,0,on_time,true
50kguWIMa6VKLUecv65LAA==,US → US,Road,4,4,0,on_time,true
LhGdE5bPAJzhU6Lu8oUc3Q==,US → CA,Road,1,1,0,on_time,true
n/3zCX+tlK1csKAoMPExVQ==,US → US,Road,0,0,0,on_time,true
VvMzBchsyQY0X2SwlLCYBg==,GB → PL,Road,4,5,-1,faster_than_estimated,true
mVICY6zu7PaWIalldPhVcw==,TW → CA,Air,4,7,-3,faster_than_estimated,true
2sUrM+bxFlWGNZ+qkID+ww==,DE → PL,Road,1,1,0,on_time,true
SqUIGw6uk8tVgT/0QGaCmA==,GB → PL,Road,2,2,0,on_time,true
N7UNDrGwQFK71BCtZBHzrw==,CN → GB,Air,9,9,0,on_time,true
9RqQO13wmXC916KmxwqgUQ==,GB → GB,Road,0,0,0,on_time,true
